away_mascot,home_mascot,Weather,Week,Wind,Year
Cowboys,Giants,74f Fair,1,0m N,2012
Dolphins,Texans,83f A Few Clouds,1,10m N,2012
Colts,Bears,70f Mostly Cloudy,1,11m N,2012
Eagles,Browns,68f Partly Cloudy,1,5m NNW,2012
Patriots,Titans,77f Fair,1,0m N,2012
Falcons,Chiefs,73f Fair,1,6m NNE,2012
Jaguars,Vikings,DOME,1,3m N,2012
Redskins,Saints,DOME,1,9m N,2012
Bills,Jets,77f Fair,1,4m W,2012
Rams,Lions,DOME,1,5m NNW,2012
49ers,Packers,71f Fair,1,6m NW,2012
Seahawks,Cardinals,DOME,1,12m E,2012
Panthers,Buccaneers,80f  Light Rain,1,5m NW,2012
Steelers,Broncos,82f A Few Clouds,1,9m SE,2012
Bengals,Ravens,60f Fair,1,0m N,2012
Bears,Packers,54f Fair,2,3m WSW,2012
Chiefs,Bills,68f Mostly Cloudy,2,13m SW,2012
Browns,Bengals,76f Fair,2,3m NW,2012
Vikings,Colts,DOME,2,3m N,2012
Saints,Panthers,70f Overcast,2,3m ESE,2012
Texans,Jaguars,85f Mostly Cloudy,2,9m E,2012
Cardinals,Patriots,71f Fair,2,11m WNW,2012
Buccaneers,Giants,75f Mostly Cloudy,2,8m W,2012
Ravens,Eagles,74f Fair,2,13m W,2012
Redskins,Rams,DOME,2,7m SSW,2012
Cowboys,Seahawks,71f Fair,2,6m WNW,2012
Raiders,Dolphins,83f Mostly Cloudy,2,7m E,2012
Jets,Steelers,71f Fair,2,5m ESE,2012
Titans,Chargers,80f Fair,2,8m SW,2012
Lions,49ers,62f Fair,2,2m SW,2012
Giants,Panthers,67f Partly Cloudy,3,0m N,2012
Rams,Bears,58f Mostly Cloudy,3,9m W,2012
Bills,Browns,51f Overcast,3,6m SSW,2012
Buccaneers,Cowboys,88f Clear,3,0m N,2012
Jets,Dolphins,79f   Thunderstorm in Vicinity Light Rain Fog/Mist,3,6m ENE,2012
49ers,Vikings,DOME,3,7m NW,2012
Chiefs,Saints,DOME,3,6m NNE,2012
Bengals,Redskins,67f Fair,3,10m NW,2012
Lions,Titans,68f A Few Clouds,3,8m NNW,2012
Jaguars,Colts,DOME,3,10m W,2012
Eagles,Cardinals,DOME,3,0m N,2012
Falcons,Chargers,83f NA,3,5m NW,2012
Texans,Broncos,86f Partly Cloudy,3,11m W,2012
Steelers,Raiders,68f Mostly Cloudy,3,15m WNW,2012
Patriots,Ravens,54f Overcast,3,0m N,2012
Browns,Ravens,67f Mostly Cloudy,4,0m N,2012
Panthers,Falcons,DOME,4,3m ESE,2012
Patriots,Bills,61f Mostly Cloudy,4,3m NNE,2012
Vikings,Lions,DOME,4,11m E,2012
Chargers,Chiefs,73f Fair,4,0m N,2012
Seahawks,Rams,DOME,4,5m NE,2012
49ers,Jets,67f Overcast,4,9m WSW,2012
Titans,Texans,67f  Light Drizzle,4,13m NNW,2012
Dolphins,Cardinals,DOME,4,8m SSE,2012
Bengals,Jaguars,83f Fair,4,8m SE,2012
Raiders,Broncos,73f Mostly Cloudy,4,10m SW,2012
Saints,Packers,65f A Few Clouds,4,5m ENE,2012
Redskins,Buccaneers,84f Fair,4,8m SW,2012
Giants,Eagles,58f  Light Rain,4,8m WNW,2012
Cardinals,Rams,DOME,5,11m NNW,2012
Dolphins,Bengals,51f Mostly Cloudy,5,7m WSW,2012
Packers,Colts,DOME,5,9m W,2012
Ravens,Chiefs,53f Fair,5,3m N,2012
Titans,Vikings,DOME,5,8m SW,2012
Falcons,Redskins,52f Overcast,5,4m NNE,2012
Browns,Giants,52f Overcast,5,4m S,2012
Eagles,Steelers,47f  Light Rain,5,7m NW,2012
Seahawks,Panthers,56f Overcast,5,6m NNE,2012
Bears,Jaguars,83f Fair,5,6m ESE,2012
Broncos,Patriots,53f Overcast,5,0m N,2012
Bills,49ers,70f Mostly Cloudy,5,6m SW,2012
Chargers,Saints,DOME,5,13m N,2012
Steelers,Titans,61f Overcast,6,4m SW,2012
Raiders,Falcons,DOME,6,5m S,2012
Bengals,Browns,75f Fair and Breezy,6,18m SSW,2012
Rams,Dolphins,85f Mostly Cloudy,6,17m ENE,2012
Colts,Jets,70f Partly Cloudy,6,11m SW,2012
Lions,Eagles,73f Mostly Cloudy,6,14m SW,2012
Cowboys,Ravens,80f Fair,6,8m SE,2012
Chiefs,Buccaneers,88f Partly Cloudy,6,9m E,2012
Patriots,Seahawks,63f Lt Rain,6,3m ESE,2012
Bills,Cardinals,DOME,6,5m SE,2012
Giants,49ers,77f Clear,6,2m WSW,2012
Vikings,Redskins,71f Fair,6,12m SSW,2012
Packers,Texans,77f Partly Cloudy,6,7m SSW,2012
Seahawks,49ers,73f Clear,7,6m SSE,2012
Titans,Bills,55f Partly Cloudy,7,14m WSW,2012
Browns,Colts,DOME,7,7m ESE,2012
Redskins,Giants,67f A Few Clouds,7,15m NW,2012
Saints,Buccaneers,81f Fair,7,7m ENE,2012
Cowboys,Panthers,67f Fair,7,4m N,2012
Ravens,Texans,83f Mostly Cloudy,7,11m SSE,2012
Packers,Rams,DOME,7,5m SE,2012
Cardinals,Vikings,DOME,7,11m SSE,2012
Jets,Patriots,60f Partly Cloudy,7,5m WNW,2012
Jaguars,Raiders,63f Mostly Cloudy,7,11m W,2012
Steelers,Bengals,53f Fair,7,0m N,2012
Buccaneers,Vikings,DOME,8,9m W,2012
Panthers,Bears,47f Mostly Cloudy and Breezy,8,18m NNE,2012
Chargers,Browns,45f  Rain Fog/Mist and Breezy,8,18m NNE,2012
Seahawks,Lions,DOME,8,18m NNE,2012
Jaguars,Packers,45f Fair,8,7m NNE,2012
Colts,Titans,57f Mostly Cloudy,8,12m N,2012
Patriots,Rams,48f Rain,8,9m SSW,2012
Dolphins,Jets,59f Overcast,8,8m NNE,2012
Falcons,Eagles,58f  Light Rain,8,13m NE,2012
Redskins,Steelers,45f  Light Rain Fog/Mist,8,8m NNW,2012
Raiders,Chiefs,51f Fair,8,3m N,2012
Giants,Cowboys,63f Clear,8,7m NE,2012
Saints,Broncos,54f Partly Cloudy,8,3m WSW,2012
Chiefs,Chargers,61f Overcast,9,3m WNW,2012
Broncos,Bengals,48f Overcast,9,3m NNW,2012
Ravens,Browns,41f Overcast,9,6m NNW,2012
Cardinals,Packers,39f Overcast,9,0m N,2012
Bears,Titans,51f Mostly Cloudy,9,5m N,2012
Dolphins,Colts,DOME,9,11m NNE,2012
Panthers,Redskins,49f Fair,9,10m WNW,2012
Lions,Jaguars,81f Fair,9,9m WSW,2012
Bills,Texans,78f Partly Cloudy,9,6m NE,2012
Buccaneers,Raiders,73f A Few Clouds,9,6m WNW,2012
Vikings,Seahawks,61f Overcast,9,3m SSE,2012
Steelers,Giants,45f A Few Clouds,9,9m WNW,2012
Cowboys,Falcons,DOME,9,6m WNW,2012
Colts,Jaguars,47f Fair,10,0m N,2012
Giants,Bengals,67f Fair,10,14m S,2012
Titans,Dolphins,79f Mostly Cloudy,10,14m E,2012
Lions,Vikings,DOME,10,9m W,2012
Bills,Patriots,64f Fair,10,8m SSW,2012
Falcons,Saints,DOME,10,16m SSE,2012
Chargers,Buccaneers,79f Mostly Cloudy,10,6m N,2012
Broncos,Panthers,71f Mostly Cloudy,10,7m WSW,2012
Raiders,Ravens,69f Fair,10,0m N,2012
Jets,Seahawks,48f Overcast,10,0m N,2012
Cowboys,Eagles,62f A Few Clouds,10,4m SSE,2012
Rams,49ers,60f Fair,10,4m WSW,2012
Texans,Bears,54f  Fog/Mist,10,7m S,2012
Dolphins,Bills,36f A Few Clouds,11,0m N,2012
Cardinals,Falcons,DOME,11,9m NNE,2012
Browns,Cowboys,63f Partly Cloudy,11,5m SSE,2012
Packers,Lions,DOME,11,4m E,2012
Bengals,Chiefs,60f Fair,11,12m S,2012
Jets,Rams,DOME,11,5m SSE,2012
Eagles,Redskins,52f A Few Clouds,11,10m ENE,2012
Buccaneers,Panthers,55f Mostly Cloudy,11,13m NE,2012
Jaguars,Texans,70f A Few Clouds,11,5m SE,2012
Saints,Raiders,62f Mostly Cloudy,11,3m S,2012
Colts,Patriots,40f Fair,11,0m N,2012
Chargers,Broncos,63f Partly Cloudy,11,13m W,2012
Ravens,Steelers,44f Fair,11,6m ESE,2012
Texans,Lions,DOME,12,11m SSW,2012
Redskins,Cowboys,75f Clear,12,14m SSE,2012
Patriots,Jets,41f Fair,12,0m N,2012
Vikings,Bears,40f Mostly Cloudy,12,4m WNW,2012
Raiders,Bengals,45f Fair,12,13m SW,2012
Steelers,Browns,38f Mostly Cloudy,12,12m WSW,2012
Bills,Colts,DOME,12,13m WSW,2012
Broncos,Chiefs,54f Fair,12,4m N,2012
Seahawks,Dolphins,74f Fair,12,0m N,2012
Falcons,Buccaneers,64f Fair,12,4m WSW,2012
Titans,Jaguars,63f Fair,12,0m N,2012
Ravens,Chargers,62f Fog,12,4m WSW,2012
Rams,Cardinals,DOME,12,0m N,2012
49ers,Saints,DOME,12,7m ENE,2012
Packers,Giants,37f Overcast,12,11m WSW,2012
Saints,Falcons,DOME,13,0m N,2012
Jaguars,Bills,51f  Light Rain Fog/Mist,13,13m SSW,2012
Seahawks,Bears,61f Mostly Cloudy,13,3m W,2012
Colts,Lions,DOME,13,10m WSW,2012
Vikings,Packers,45f Overcast with Haze,13,7m NW,2012
Texans,Titans,71f Mostly Cloudy,13,12m SW,2012
Panthers,Chiefs,61f Fair,13,0m N,2012
49ers,Rams,DOME,13,11m W,2012
Patriots,Dolphins,78f Mostly Cloudy,13,13m E,2012
Cardinals,Jets,46f  Fog/Mist,13,4m S,2012
Buccaneers,Broncos,63f Mostly Cloudy,13,0m N,2012
Bengals,Chargers,66f Fog/Mist,13,4m WNW,2012
Browns,Raiders,62f Partly Cloudy,13,11m W,2012
Steelers,Ravens,56f Overcast,13,0m N,2012
Eagles,Cowboys,77f Clear,13,8m SSE,2012
Broncos,Raiders,57f Mostly Cloudy,14,0m N,2012
Rams,Bills,37f Overcast,14,11m E,2012
Cowboys,Bengals,54f Overcast,14,5m S,2012
Chiefs,Browns,44f Overcast,14,0m N,2012
Eagles,Buccaneers,73f Mostly Cloudy,14,0m N,2012
Ravens,Redskins,49f Overcast,14,8m ENE,2012
Falcons,Panthers,62f  Fog/Mist,14,5m SSW,2012
Jets,Jaguars,69f  Fog/Mist,14,5m N,2012
Titans,Colts,DOME,14,7m SE,2012
Bears,Vikings,DOME,14,12m E,2012
Chargers,Steelers,51f Partly Cloudy,14,6m ESE,2012
Dolphins,49ers,64f Fair,14,0m N,2012
Cardinals,Seahawks,"42f Lt Rain, Fog",14,6m SSE,2012
Saints,Giants,43f  Light Drizzle,14,3m N,2012
Lions,Packers,32f  Light Snow Fog/Mist,14,9m NE,2012
Bengals,Eagles,40f Fair,15,3m SSW,2012
Giants,Falcons,DOME,15,4m SE,2012
Packers,Bears,43f Overcast,15,11m W,2012
Redskins,Browns,58f Overcast,15,9m S,2012
Vikings,Rams,DOME,15,4m NNW,2012
Jaguars,Dolphins,78f A Few Clouds,15,9m SE,2012
Buccaneers,Saints,DOME,15,9m SSW,2012
Broncos,Ravens,64f  Light Rain,15,10m S,2012
Colts,Texans,64f  Light Rain,15,10m S,2012
Lions,Cardinals,DOME,15,3m N,2012
Panthers,Chargers,59f NA,15,2m SSE,2012
Seahawks,Bills,DOME,15,,2012
Steelers,Cowboys,72f Clear,15,6m WSW,2012
Chiefs,Raiders,56f Overcast,15,5m ESE,2012
49ers,Patriots,37f  Fog/Mist,15,4m ENE,2012
Falcons,Lions,DOME,16,7m WSW,2012
Saints,Cowboys,64f Clear,16,8m SW,2012
Titans,Packers,24f Fair,16,7m NW,2012
Colts,Chiefs,36f Fair,16,4m N,2012
Bills,Dolphins,72f Partly Cloudy,16,9m ESE,2012
Redskins,Eagles,44f Partly Cloudy,16,9m SSW,2012
Bengals,Steelers,38f Fair,16,12m SW,2012
Rams,Buccaneers,63f Mostly Cloudy,16,6m WSW,2012
Raiders,Panthers,53f Mostly Cloudy,16,5m SW,2012
Patriots,Jaguars,60f Fair,16,0m N,2012
Vikings,Texans,75f Overcast,16,12m SSW,2012
Chargers,Jets,41f Fair,16,8m SW,2012
Browns,Broncos,48f Partly Cloudy,16,3m WNW,2012
Giants,Ravens,48f Partly Cloudy,16,1m S,2012
Bears,Cardinals,DOME,16,3m WNW,2012
Buccaneers,Falcons,DOME,17,6m NW,2012
Jets,Bills,27f Mostly Cloudy,17,8m WNW,2012
Ravens,Bengals,28f Fair,17,6m SW,2012
Bears,Lions,DOME,17,12m WSW,2012
Jaguars,Titans,37f Partly Cloudy,17,0m N,2012
Texans,Colts,DOME,17,6m SW,2012
Panthers,Saints,DOME,17,5m NNE,2012
Eagles,Giants,34f  Blowing Snow and Breezy,17,21m NW,2012
Browns,Steelers,27f Overcast,17,13m WSW,2012
Rams,Seahawks,42f Mostly Cloudy,17,4m NE,2012
Packers,Vikings,DOME,17,6m SSE,2012
Dolphins,Patriots,28f Fair,17,13m WNW,2012
Raiders,Chargers,54f NA,17,5m W,2012
Cardinals,49ers,53f NA,17,0m N,2012
Chiefs,Broncos,30f Partly Cloudy,17,13m NNW,2012
Cowboys,Giants,74f Fair,1,0m N,2012
Dolphins,Texans,83f A Few Clouds,1,10m N,2012
Colts,Bears,70f Mostly Cloudy,1,11m N,2012
Eagles,Browns,68f Partly Cloudy,1,5m NNW,2012
Patriots,Titans,77f Fair,1,0m N,2012
Falcons,Chiefs,73f Fair,1,6m NNE,2012
Jaguars,Vikings,DOME,1,3m N,2012
Redskins,Saints,DOME,1,9m N,2012
Bills,Jets,77f Fair,1,4m W,2012
Rams,Lions,DOME,1,5m NNW,2012
49ers,Packers,71f Fair,1,6m NW,2012
Seahawks,Cardinals,DOME,1,12m E,2012
Panthers,Buccaneers,80f  Light Rain,1,5m NW,2012
Steelers,Broncos,82f A Few Clouds,1,9m SE,2012
Bengals,Ravens,60f Fair,1,0m N,2012
Bears,Packers,54f Fair,2,3m WSW,2012
Chiefs,Bills,68f Mostly Cloudy,2,13m SW,2012
Browns,Bengals,76f Fair,2,3m NW,2012
Vikings,Colts,DOME,2,3m N,2012
Saints,Panthers,70f Overcast,2,3m ESE,2012
Texans,Jaguars,85f Mostly Cloudy,2,9m E,2012
Cardinals,Patriots,71f Fair,2,11m WNW,2012
Buccaneers,Giants,75f Mostly Cloudy,2,8m W,2012
Ravens,Eagles,74f Fair,2,13m W,2012
Redskins,Rams,DOME,2,7m SSW,2012
Cowboys,Seahawks,71f Fair,2,6m WNW,2012
Raiders,Dolphins,83f Mostly Cloudy,2,7m E,2012
Jets,Steelers,71f Fair,2,5m ESE,2012
Titans,Chargers,80f Fair,2,8m SW,2012
Lions,49ers,62f Fair,2,2m SW,2012
Giants,Panthers,67f Partly Cloudy,3,0m N,2012
Rams,Bears,58f Mostly Cloudy,3,9m W,2012
Bills,Browns,51f Overcast,3,6m SSW,2012
Buccaneers,Cowboys,88f Clear,3,0m N,2012
Jets,Dolphins,79f   Thunderstorm in Vicinity Light Rain Fog/Mist,3,6m ENE,2012
49ers,Vikings,DOME,3,7m NW,2012
Chiefs,Saints,DOME,3,6m NNE,2012
Bengals,Redskins,67f Fair,3,10m NW,2012
Lions,Titans,68f A Few Clouds,3,8m NNW,2012
Jaguars,Colts,DOME,3,10m W,2012
Eagles,Cardinals,DOME,3,0m N,2012
Falcons,Chargers,83f NA,3,5m NW,2012
Texans,Broncos,86f Partly Cloudy,3,11m W,2012
Steelers,Raiders,68f Mostly Cloudy,3,15m WNW,2012
Patriots,Ravens,54f Overcast,3,0m N,2012
Browns,Ravens,67f Mostly Cloudy,4,0m N,2012
Panthers,Falcons,DOME,4,3m ESE,2012
Patriots,Bills,61f Mostly Cloudy,4,3m NNE,2012
Vikings,Lions,DOME,4,11m E,2012
Chargers,Chiefs,73f Fair,4,0m N,2012
Seahawks,Rams,DOME,4,5m NE,2012
49ers,Jets,67f Overcast,4,9m WSW,2012
Titans,Texans,67f  Light Drizzle,4,13m NNW,2012
Dolphins,Cardinals,DOME,4,8m SSE,2012
Bengals,Jaguars,83f Fair,4,8m SE,2012
Raiders,Broncos,73f Mostly Cloudy,4,10m SW,2012
Saints,Packers,65f A Few Clouds,4,5m ENE,2012
Redskins,Buccaneers,84f Fair,4,8m SW,2012
Giants,Eagles,58f  Light Rain,4,8m WNW,2012
Cardinals,Rams,DOME,5,11m NNW,2012
Dolphins,Bengals,51f Mostly Cloudy,5,7m WSW,2012
Packers,Colts,DOME,5,9m W,2012
Ravens,Chiefs,53f Fair,5,3m N,2012
Titans,Vikings,DOME,5,8m SW,2012
Falcons,Redskins,52f Overcast,5,4m NNE,2012
Browns,Giants,52f Overcast,5,4m S,2012
Eagles,Steelers,47f  Light Rain,5,7m NW,2012
Seahawks,Panthers,56f Overcast,5,6m NNE,2012
Bears,Jaguars,83f Fair,5,6m ESE,2012
Broncos,Patriots,53f Overcast,5,0m N,2012
Bills,49ers,70f Mostly Cloudy,5,6m SW,2012
Chargers,Saints,DOME,5,13m N,2012
Steelers,Titans,61f Overcast,6,4m SW,2012
Raiders,Falcons,DOME,6,5m S,2012
Bengals,Browns,75f Fair and Breezy,6,18m SSW,2012
Rams,Dolphins,85f Mostly Cloudy,6,17m ENE,2012
Colts,Jets,70f Partly Cloudy,6,11m SW,2012
Lions,Eagles,73f Mostly Cloudy,6,14m SW,2012
Cowboys,Ravens,80f Fair,6,8m SE,2012
Chiefs,Buccaneers,88f Partly Cloudy,6,9m E,2012
Patriots,Seahawks,63f Lt Rain,6,3m ESE,2012
Bills,Cardinals,DOME,6,5m SE,2012
Giants,49ers,77f Clear,6,2m WSW,2012
Vikings,Redskins,71f Fair,6,12m SSW,2012
Packers,Texans,77f Partly Cloudy,6,7m SSW,2012
Seahawks,49ers,73f Clear,7,6m SSE,2012
Titans,Bills,55f Partly Cloudy,7,14m WSW,2012
Browns,Colts,DOME,7,7m ESE,2012
Redskins,Giants,67f A Few Clouds,7,15m NW,2012
Saints,Buccaneers,81f Fair,7,7m ENE,2012
Cowboys,Panthers,67f Fair,7,4m N,2012
Ravens,Texans,83f Mostly Cloudy,7,11m SSE,2012
Packers,Rams,DOME,7,5m SE,2012
Cardinals,Vikings,DOME,7,11m SSE,2012
Jets,Patriots,60f Partly Cloudy,7,5m WNW,2012
Jaguars,Raiders,63f Mostly Cloudy,7,11m W,2012
Steelers,Bengals,53f Fair,7,0m N,2012
Buccaneers,Vikings,DOME,8,9m W,2012
Panthers,Bears,47f Mostly Cloudy and Breezy,8,18m NNE,2012
Chargers,Browns,45f  Rain Fog/Mist and Breezy,8,18m NNE,2012
Seahawks,Lions,DOME,8,18m NNE,2012
Jaguars,Packers,45f Fair,8,7m NNE,2012
Colts,Titans,57f Mostly Cloudy,8,12m N,2012
Patriots,Rams,48f Rain,8,9m SSW,2012
Dolphins,Jets,59f Overcast,8,8m NNE,2012
Falcons,Eagles,58f  Light Rain,8,13m NE,2012
Redskins,Steelers,45f  Light Rain Fog/Mist,8,8m NNW,2012
Raiders,Chiefs,51f Fair,8,3m N,2012
Giants,Cowboys,63f Clear,8,7m NE,2012
Saints,Broncos,54f Partly Cloudy,8,3m WSW,2012
Chiefs,Chargers,61f Overcast,9,3m WNW,2012
Broncos,Bengals,48f Overcast,9,3m NNW,2012
Ravens,Browns,41f Overcast,9,6m NNW,2012
Cardinals,Packers,39f Overcast,9,0m N,2012
Bears,Titans,51f Mostly Cloudy,9,5m N,2012
Dolphins,Colts,DOME,9,11m NNE,2012
Panthers,Redskins,49f Fair,9,10m WNW,2012
Lions,Jaguars,81f Fair,9,9m WSW,2012
Bills,Texans,78f Partly Cloudy,9,6m NE,2012
Buccaneers,Raiders,73f A Few Clouds,9,6m WNW,2012
Vikings,Seahawks,61f Overcast,9,3m SSE,2012
Steelers,Giants,45f A Few Clouds,9,9m WNW,2012
Cowboys,Falcons,DOME,9,6m WNW,2012
Colts,Jaguars,47f Fair,10,0m N,2012
Giants,Bengals,67f Fair,10,14m S,2012
Titans,Dolphins,79f Mostly Cloudy,10,14m E,2012
Lions,Vikings,DOME,10,9m W,2012
Bills,Patriots,64f Fair,10,8m SSW,2012
Falcons,Saints,DOME,10,16m SSE,2012
Chargers,Buccaneers,79f Mostly Cloudy,10,6m N,2012
Broncos,Panthers,71f Mostly Cloudy,10,7m WSW,2012
Raiders,Ravens,69f Fair,10,0m N,2012
Jets,Seahawks,48f Overcast,10,0m N,2012
Cowboys,Eagles,62f A Few Clouds,10,4m SSE,2012
Rams,49ers,60f Fair,10,4m WSW,2012
Texans,Bears,54f  Fog/Mist,10,7m S,2012
Dolphins,Bills,36f A Few Clouds,11,0m N,2012
Cardinals,Falcons,DOME,11,9m NNE,2012
Browns,Cowboys,63f Partly Cloudy,11,5m SSE,2012
Packers,Lions,DOME,11,4m E,2012
Bengals,Chiefs,60f Fair,11,12m S,2012
Jets,Rams,DOME,11,5m SSE,2012
Eagles,Redskins,52f A Few Clouds,11,10m ENE,2012
Buccaneers,Panthers,55f Mostly Cloudy,11,13m NE,2012
Jaguars,Texans,70f A Few Clouds,11,5m SE,2012
Saints,Raiders,62f Mostly Cloudy,11,3m S,2012
Colts,Patriots,40f Fair,11,0m N,2012
Chargers,Broncos,63f Partly Cloudy,11,13m W,2012
Ravens,Steelers,44f Fair,11,6m ESE,2012
Texans,Lions,DOME,12,11m SSW,2012
Redskins,Cowboys,75f Clear,12,14m SSE,2012
Patriots,Jets,41f Fair,12,0m N,2012
Vikings,Bears,40f Mostly Cloudy,12,4m WNW,2012
Raiders,Bengals,45f Fair,12,13m SW,2012
Steelers,Browns,38f Mostly Cloudy,12,12m WSW,2012
Bills,Colts,DOME,12,13m WSW,2012
Broncos,Chiefs,54f Fair,12,4m N,2012
Seahawks,Dolphins,74f Fair,12,0m N,2012
Falcons,Buccaneers,64f Fair,12,4m WSW,2012
Titans,Jaguars,63f Fair,12,0m N,2012
Ravens,Chargers,62f Fog,12,4m WSW,2012
Rams,Cardinals,DOME,12,0m N,2012
49ers,Saints,DOME,12,7m ENE,2012
Packers,Giants,37f Overcast,12,11m WSW,2012
Saints,Falcons,DOME,13,0m N,2012
Jaguars,Bills,51f  Light Rain Fog/Mist,13,13m SSW,2012
Seahawks,Bears,61f Mostly Cloudy,13,3m W,2012
Colts,Lions,DOME,13,10m WSW,2012
Vikings,Packers,45f Overcast with Haze,13,7m NW,2012
Texans,Titans,71f Mostly Cloudy,13,12m SW,2012
Panthers,Chiefs,61f Fair,13,0m N,2012
49ers,Rams,DOME,13,11m W,2012
Patriots,Dolphins,78f Mostly Cloudy,13,13m E,2012
Cardinals,Jets,46f  Fog/Mist,13,4m S,2012
Buccaneers,Broncos,63f Mostly Cloudy,13,0m N,2012
Bengals,Chargers,66f Fog/Mist,13,4m WNW,2012
Browns,Raiders,62f Partly Cloudy,13,11m W,2012
Steelers,Ravens,56f Overcast,13,0m N,2012
Eagles,Cowboys,77f Clear,13,8m SSE,2012
Broncos,Raiders,57f Mostly Cloudy,14,0m N,2012
Rams,Bills,37f Overcast,14,11m E,2012
Cowboys,Bengals,54f Overcast,14,5m S,2012
Chiefs,Browns,44f Overcast,14,0m N,2012
Eagles,Buccaneers,73f Mostly Cloudy,14,0m N,2012
Ravens,Redskins,49f Overcast,14,8m ENE,2012
Falcons,Panthers,62f  Fog/Mist,14,5m SSW,2012
Jets,Jaguars,69f  Fog/Mist,14,5m N,2012
Titans,Colts,DOME,14,7m SE,2012
Bears,Vikings,DOME,14,12m E,2012
Chargers,Steelers,51f Partly Cloudy,14,6m ESE,2012
Dolphins,49ers,64f Fair,14,0m N,2012
Cardinals,Seahawks,"42f Lt Rain, Fog",14,6m SSE,2012
Saints,Giants,43f  Light Drizzle,14,3m N,2012
Lions,Packers,32f  Light Snow Fog/Mist,14,9m NE,2012
Bengals,Eagles,40f Fair,15,3m SSW,2012
Giants,Falcons,DOME,15,4m SE,2012
Packers,Bears,43f Overcast,15,11m W,2012
Redskins,Browns,58f Overcast,15,9m S,2012
Vikings,Rams,DOME,15,4m NNW,2012
Jaguars,Dolphins,78f A Few Clouds,15,9m SE,2012
Buccaneers,Saints,DOME,15,9m SSW,2012
Broncos,Ravens,64f  Light Rain,15,10m S,2012
Colts,Texans,64f  Light Rain,15,10m S,2012
Lions,Cardinals,DOME,15,3m N,2012
Panthers,Chargers,59f NA,15,2m SSE,2012
Seahawks,Bills,DOME,15,,2012
Steelers,Cowboys,72f Clear,15,6m WSW,2012
Chiefs,Raiders,56f Overcast,15,5m ESE,2012
49ers,Patriots,37f  Fog/Mist,15,4m ENE,2012
Falcons,Lions,DOME,16,7m WSW,2012
Saints,Cowboys,64f Clear,16,8m SW,2012
Titans,Packers,24f Fair,16,7m NW,2012
Colts,Chiefs,36f Fair,16,4m N,2012
Bills,Dolphins,72f Partly Cloudy,16,9m ESE,2012
Redskins,Eagles,44f Partly Cloudy,16,9m SSW,2012
Bengals,Steelers,38f Fair,16,12m SW,2012
Rams,Buccaneers,63f Mostly Cloudy,16,6m WSW,2012
Raiders,Panthers,53f Mostly Cloudy,16,5m SW,2012
Patriots,Jaguars,60f Fair,16,0m N,2012
Vikings,Texans,75f Overcast,16,12m SSW,2012
Chargers,Jets,41f Fair,16,8m SW,2012
Browns,Broncos,48f Partly Cloudy,16,3m WNW,2012
Giants,Ravens,48f Partly Cloudy,16,1m S,2012
Bears,Cardinals,DOME,16,3m WNW,2012
Buccaneers,Falcons,DOME,17,6m NW,2012
Jets,Bills,27f Mostly Cloudy,17,8m WNW,2012
Ravens,Bengals,28f Fair,17,6m SW,2012
Bears,Lions,DOME,17,12m WSW,2012
Jaguars,Titans,37f Partly Cloudy,17,0m N,2012
Texans,Colts,DOME,17,6m SW,2012
Panthers,Saints,DOME,17,5m NNE,2012
Eagles,Giants,34f  Blowing Snow and Breezy,17,21m NW,2012
Browns,Steelers,27f Overcast,17,13m WSW,2012
Rams,Seahawks,42f Mostly Cloudy,17,4m NE,2012
Packers,Vikings,DOME,17,6m SSE,2012
Dolphins,Patriots,28f Fair,17,13m WNW,2012
Raiders,Chargers,54f NA,17,5m W,2012
Cardinals,49ers,53f NA,17,0m N,2012
Chiefs,Broncos,30f Partly Cloudy,17,13m NNW,2012
Cowboys,Giants,74f Fair,1,0m N,2012
Dolphins,Texans,83f A Few Clouds,1,10m N,2012
Colts,Bears,70f Mostly Cloudy,1,11m N,2012
Eagles,Browns,68f Partly Cloudy,1,5m NNW,2012
Patriots,Titans,77f Fair,1,0m N,2012
Falcons,Chiefs,73f Fair,1,6m NNE,2012
Jaguars,Vikings,DOME,1,3m N,2012
Redskins,Saints,DOME,1,9m N,2012
Bills,Jets,77f Fair,1,4m W,2012
Rams,Lions,DOME,1,5m NNW,2012
49ers,Packers,71f Fair,1,6m NW,2012
Seahawks,Cardinals,DOME,1,12m E,2012
Panthers,Buccaneers,80f  Light Rain,1,5m NW,2012
Steelers,Broncos,82f A Few Clouds,1,9m SE,2012
Bengals,Ravens,60f Fair,1,0m N,2012
Bears,Packers,54f Fair,2,3m WSW,2012
Chiefs,Bills,68f Mostly Cloudy,2,13m SW,2012
Browns,Bengals,76f Fair,2,3m NW,2012
Vikings,Colts,DOME,2,3m N,2012
Saints,Panthers,70f Overcast,2,3m ESE,2012
Texans,Jaguars,85f Mostly Cloudy,2,9m E,2012
Cardinals,Patriots,71f Fair,2,11m WNW,2012
Buccaneers,Giants,75f Mostly Cloudy,2,8m W,2012
Ravens,Eagles,74f Fair,2,13m W,2012
Redskins,Rams,DOME,2,7m SSW,2012
Cowboys,Seahawks,71f Fair,2,6m WNW,2012
Raiders,Dolphins,83f Mostly Cloudy,2,7m E,2012
Jets,Steelers,71f Fair,2,5m ESE,2012
Titans,Chargers,80f Fair,2,8m SW,2012
Lions,49ers,62f Fair,2,2m SW,2012
Giants,Panthers,67f Partly Cloudy,3,0m N,2012
Rams,Bears,58f Mostly Cloudy,3,9m W,2012
Bills,Browns,51f Overcast,3,6m SSW,2012
Buccaneers,Cowboys,88f Clear,3,0m N,2012
Jets,Dolphins,79f   Thunderstorm in Vicinity Light Rain Fog/Mist,3,6m ENE,2012
49ers,Vikings,DOME,3,7m NW,2012
Chiefs,Saints,DOME,3,6m NNE,2012
Bengals,Redskins,67f Fair,3,10m NW,2012
Lions,Titans,68f A Few Clouds,3,8m NNW,2012
Jaguars,Colts,DOME,3,10m W,2012
Eagles,Cardinals,DOME,3,0m N,2012
Falcons,Chargers,83f NA,3,5m NW,2012
Texans,Broncos,86f Partly Cloudy,3,11m W,2012
Steelers,Raiders,68f Mostly Cloudy,3,15m WNW,2012
Patriots,Ravens,54f Overcast,3,0m N,2012
Browns,Ravens,67f Mostly Cloudy,4,0m N,2012
Panthers,Falcons,DOME,4,3m ESE,2012
Patriots,Bills,61f Mostly Cloudy,4,3m NNE,2012
Vikings,Lions,DOME,4,11m E,2012
Chargers,Chiefs,73f Fair,4,0m N,2012
Seahawks,Rams,DOME,4,5m NE,2012
49ers,Jets,67f Overcast,4,9m WSW,2012
Titans,Texans,67f  Light Drizzle,4,13m NNW,2012
Dolphins,Cardinals,DOME,4,8m SSE,2012
Bengals,Jaguars,83f Fair,4,8m SE,2012
Raiders,Broncos,73f Mostly Cloudy,4,10m SW,2012
Saints,Packers,65f A Few Clouds,4,5m ENE,2012
Redskins,Buccaneers,84f Fair,4,8m SW,2012
Giants,Eagles,58f  Light Rain,4,8m WNW,2012
Cardinals,Rams,DOME,5,11m NNW,2012
Dolphins,Bengals,51f Mostly Cloudy,5,7m WSW,2012
Packers,Colts,DOME,5,9m W,2012
Ravens,Chiefs,53f Fair,5,3m N,2012
Titans,Vikings,DOME,5,8m SW,2012
Falcons,Redskins,52f Overcast,5,4m NNE,2012
Browns,Giants,52f Overcast,5,4m S,2012
Eagles,Steelers,47f  Light Rain,5,7m NW,2012
Seahawks,Panthers,56f Overcast,5,6m NNE,2012
Bears,Jaguars,83f Fair,5,6m ESE,2012
Broncos,Patriots,53f Overcast,5,0m N,2012
Bills,49ers,70f Mostly Cloudy,5,6m SW,2012
Chargers,Saints,DOME,5,13m N,2012
Steelers,Titans,61f Overcast,6,4m SW,2012
Raiders,Falcons,DOME,6,5m S,2012
Bengals,Browns,75f Fair and Breezy,6,18m SSW,2012
Rams,Dolphins,85f Mostly Cloudy,6,17m ENE,2012
Colts,Jets,70f Partly Cloudy,6,11m SW,2012
Lions,Eagles,73f Mostly Cloudy,6,14m SW,2012
Cowboys,Ravens,80f Fair,6,8m SE,2012
Chiefs,Buccaneers,88f Partly Cloudy,6,9m E,2012
Patriots,Seahawks,63f Lt Rain,6,3m ESE,2012
Bills,Cardinals,DOME,6,5m SE,2012
Giants,49ers,77f Clear,6,2m WSW,2012
Vikings,Redskins,71f Fair,6,12m SSW,2012
Packers,Texans,77f Partly Cloudy,6,7m SSW,2012
Seahawks,49ers,73f Clear,7,6m SSE,2012
Titans,Bills,55f Partly Cloudy,7,14m WSW,2012
Browns,Colts,DOME,7,7m ESE,2012
Redskins,Giants,67f A Few Clouds,7,15m NW,2012
Saints,Buccaneers,81f Fair,7,7m ENE,2012
Cowboys,Panthers,67f Fair,7,4m N,2012
Ravens,Texans,83f Mostly Cloudy,7,11m SSE,2012
Packers,Rams,DOME,7,5m SE,2012
Cardinals,Vikings,DOME,7,11m SSE,2012
Jets,Patriots,60f Partly Cloudy,7,5m WNW,2012
Jaguars,Raiders,63f Mostly Cloudy,7,11m W,2012
Steelers,Bengals,53f Fair,7,0m N,2012
Buccaneers,Vikings,DOME,8,9m W,2012
Panthers,Bears,47f Mostly Cloudy and Breezy,8,18m NNE,2012
Chargers,Browns,45f  Rain Fog/Mist and Breezy,8,18m NNE,2012
Seahawks,Lions,DOME,8,18m NNE,2012
Jaguars,Packers,45f Fair,8,7m NNE,2012
Colts,Titans,57f Mostly Cloudy,8,12m N,2012
Patriots,Rams,48f Rain,8,9m SSW,2012
Dolphins,Jets,59f Overcast,8,8m NNE,2012
Falcons,Eagles,58f  Light Rain,8,13m NE,2012
Redskins,Steelers,45f  Light Rain Fog/Mist,8,8m NNW,2012
Raiders,Chiefs,51f Fair,8,3m N,2012
Giants,Cowboys,63f Clear,8,7m NE,2012
Saints,Broncos,54f Partly Cloudy,8,3m WSW,2012
Chiefs,Chargers,61f Overcast,9,3m WNW,2012
Broncos,Bengals,48f Overcast,9,3m NNW,2012
Ravens,Browns,41f Overcast,9,6m NNW,2012
Cardinals,Packers,39f Overcast,9,0m N,2012
Bears,Titans,51f Mostly Cloudy,9,5m N,2012
Dolphins,Colts,DOME,9,11m NNE,2012
Panthers,Redskins,49f Fair,9,10m WNW,2012
Lions,Jaguars,81f Fair,9,9m WSW,2012
Bills,Texans,78f Partly Cloudy,9,6m NE,2012
Buccaneers,Raiders,73f A Few Clouds,9,6m WNW,2012
Vikings,Seahawks,61f Overcast,9,3m SSE,2012
Steelers,Giants,45f A Few Clouds,9,9m WNW,2012
Cowboys,Falcons,DOME,9,6m WNW,2012
Colts,Jaguars,47f Fair,10,0m N,2012
Giants,Bengals,67f Fair,10,14m S,2012
Titans,Dolphins,79f Mostly Cloudy,10,14m E,2012
Lions,Vikings,DOME,10,9m W,2012
Bills,Patriots,64f Fair,10,8m SSW,2012
Falcons,Saints,DOME,10,16m SSE,2012
Chargers,Buccaneers,79f Mostly Cloudy,10,6m N,2012
Broncos,Panthers,71f Mostly Cloudy,10,7m WSW,2012
Raiders,Ravens,69f Fair,10,0m N,2012
Jets,Seahawks,48f Overcast,10,0m N,2012
Cowboys,Eagles,62f A Few Clouds,10,4m SSE,2012
Rams,49ers,60f Fair,10,4m WSW,2012
Texans,Bears,54f  Fog/Mist,10,7m S,2012
Dolphins,Bills,36f A Few Clouds,11,0m N,2012
Cardinals,Falcons,DOME,11,9m NNE,2012
Browns,Cowboys,63f Partly Cloudy,11,5m SSE,2012
Packers,Lions,DOME,11,4m E,2012
Bengals,Chiefs,60f Fair,11,12m S,2012
Jets,Rams,DOME,11,5m SSE,2012
Eagles,Redskins,52f A Few Clouds,11,10m ENE,2012
Buccaneers,Panthers,55f Mostly Cloudy,11,13m NE,2012
Jaguars,Texans,70f A Few Clouds,11,5m SE,2012
Saints,Raiders,62f Mostly Cloudy,11,3m S,2012
Colts,Patriots,40f Fair,11,0m N,2012
Chargers,Broncos,63f Partly Cloudy,11,13m W,2012
Ravens,Steelers,44f Fair,11,6m ESE,2012
Texans,Lions,DOME,12,11m SSW,2012
Redskins,Cowboys,75f Clear,12,14m SSE,2012
Patriots,Jets,41f Fair,12,0m N,2012
Vikings,Bears,40f Mostly Cloudy,12,4m WNW,2012
Raiders,Bengals,45f Fair,12,13m SW,2012
Steelers,Browns,38f Mostly Cloudy,12,12m WSW,2012
Bills,Colts,DOME,12,13m WSW,2012
Broncos,Chiefs,54f Fair,12,4m N,2012
Seahawks,Dolphins,74f Fair,12,0m N,2012
Falcons,Buccaneers,64f Fair,12,4m WSW,2012
Titans,Jaguars,63f Fair,12,0m N,2012
Ravens,Chargers,62f Fog,12,4m WSW,2012
Rams,Cardinals,DOME,12,0m N,2012
49ers,Saints,DOME,12,7m ENE,2012
Packers,Giants,37f Overcast,12,11m WSW,2012
Saints,Falcons,DOME,13,0m N,2012
Jaguars,Bills,51f  Light Rain Fog/Mist,13,13m SSW,2012
Seahawks,Bears,61f Mostly Cloudy,13,3m W,2012
Colts,Lions,DOME,13,10m WSW,2012
Vikings,Packers,45f Overcast with Haze,13,7m NW,2012
Texans,Titans,71f Mostly Cloudy,13,12m SW,2012
Panthers,Chiefs,61f Fair,13,0m N,2012
49ers,Rams,DOME,13,11m W,2012
Patriots,Dolphins,78f Mostly Cloudy,13,13m E,2012
Cardinals,Jets,46f  Fog/Mist,13,4m S,2012
Buccaneers,Broncos,63f Mostly Cloudy,13,0m N,2012
Bengals,Chargers,66f Fog/Mist,13,4m WNW,2012
Browns,Raiders,62f Partly Cloudy,13,11m W,2012
Steelers,Ravens,56f Overcast,13,0m N,2012
Eagles,Cowboys,77f Clear,13,8m SSE,2012
Broncos,Raiders,57f Mostly Cloudy,14,0m N,2012
Rams,Bills,37f Overcast,14,11m E,2012
Cowboys,Bengals,54f Overcast,14,5m S,2012
Chiefs,Browns,44f Overcast,14,0m N,2012
Eagles,Buccaneers,73f Mostly Cloudy,14,0m N,2012
Ravens,Redskins,49f Overcast,14,8m ENE,2012
Falcons,Panthers,62f  Fog/Mist,14,5m SSW,2012
Jets,Jaguars,69f  Fog/Mist,14,5m N,2012
Titans,Colts,DOME,14,7m SE,2012
Bears,Vikings,DOME,14,12m E,2012
Chargers,Steelers,51f Partly Cloudy,14,6m ESE,2012
Dolphins,49ers,64f Fair,14,0m N,2012
Cardinals,Seahawks,"42f Lt Rain, Fog",14,6m SSE,2012
Saints,Giants,43f  Light Drizzle,14,3m N,2012
Lions,Packers,32f  Light Snow Fog/Mist,14,9m NE,2012
Bengals,Eagles,40f Fair,15,3m SSW,2012
Giants,Falcons,DOME,15,4m SE,2012
Packers,Bears,43f Overcast,15,11m W,2012
Redskins,Browns,58f Overcast,15,9m S,2012
Vikings,Rams,DOME,15,4m NNW,2012
Jaguars,Dolphins,78f A Few Clouds,15,9m SE,2012
Buccaneers,Saints,DOME,15,9m SSW,2012
Broncos,Ravens,64f  Light Rain,15,10m S,2012
Colts,Texans,64f  Light Rain,15,10m S,2012
Lions,Cardinals,DOME,15,3m N,2012
Panthers,Chargers,59f NA,15,2m SSE,2012
Seahawks,Bills,DOME,15,,2012
Steelers,Cowboys,72f Clear,15,6m WSW,2012
Chiefs,Raiders,56f Overcast,15,5m ESE,2012
49ers,Patriots,37f  Fog/Mist,15,4m ENE,2012
Falcons,Lions,DOME,16,7m WSW,2012
Saints,Cowboys,64f Clear,16,8m SW,2012
Titans,Packers,24f Fair,16,7m NW,2012
Colts,Chiefs,36f Fair,16,4m N,2012
Bills,Dolphins,72f Partly Cloudy,16,9m ESE,2012
Redskins,Eagles,44f Partly Cloudy,16,9m SSW,2012
Bengals,Steelers,38f Fair,16,12m SW,2012
Rams,Buccaneers,63f Mostly Cloudy,16,6m WSW,2012
Raiders,Panthers,53f Mostly Cloudy,16,5m SW,2012
Patriots,Jaguars,60f Fair,16,0m N,2012
Vikings,Texans,75f Overcast,16,12m SSW,2012
Chargers,Jets,41f Fair,16,8m SW,2012
Browns,Broncos,48f Partly Cloudy,16,3m WNW,2012
Giants,Ravens,48f Partly Cloudy,16,1m S,2012
Bears,Cardinals,DOME,16,3m WNW,2012
Buccaneers,Falcons,DOME,17,6m NW,2012
Jets,Bills,27f Mostly Cloudy,17,8m WNW,2012
Ravens,Bengals,28f Fair,17,6m SW,2012
Bears,Lions,DOME,17,12m WSW,2012
Jaguars,Titans,37f Partly Cloudy,17,0m N,2012
Texans,Colts,DOME,17,6m SW,2012
Panthers,Saints,DOME,17,5m NNE,2012
Eagles,Giants,34f  Blowing Snow and Breezy,17,21m NW,2012
Browns,Steelers,27f Overcast,17,13m WSW,2012
Rams,Seahawks,42f Mostly Cloudy,17,4m NE,2012
Packers,Vikings,DOME,17,6m SSE,2012
Dolphins,Patriots,28f Fair,17,13m WNW,2012
Raiders,Chargers,54f NA,17,5m W,2012
Cardinals,49ers,53f NA,17,0m N,2012
Chiefs,Broncos,30f Partly Cloudy,17,13m NNW,2012
Ravens,Broncos,81f Mostly Cloudy,1,3m WNW,2013
Patriots,Bills,65f Partly Cloudy,1,6m N,2013
Bengals,Bears,77f Mostly Cloudy,1,13m NE,2013
Dolphins,Browns,72f Partly Cloudy,1,16m NNE,2013
Falcons,Saints,DOME,1,9m E,2013
Buccaneers,Jets,82f Partly Cloudy,1,14m WNW,2013
Titans,Steelers,74f Mostly Cloudy,1,5m ENE,2013
Vikings,Lions,DOME,1,8m ENE,2013
Raiders,Colts,DOME,1,5m SSW,2013
Seahawks,Panthers,87f Mostly Cloudy,1,5m NNE,2013
Chiefs,Jaguars,87f A Few Clouds,1,10m NNE,2013
Cardinals,Rams,DOME,1,7m SE,2013
Packers,49ers,66f NA,1,0m N,2013
Giants,Cowboys,86f Fair,1,3m SE,2013
Eagles,Redskins,72f Mostly Cloudy,1,4m SSE,2013
Jets,Patriots,72f  Thunderstorm Rain Fog/Mist,2,4m SW,2013
Rams,Falcons,DOME,2,0m N,2013
Panthers,Bills,66f Mostly Cloudy,2,10m SW,2013
Vikings,Bears,62f  Light Rain,2,0m N,2013
Redskins,Packers,62f Overcast,2,3m N,2013
Dolphins,Colts,DOME,2,12m SSW,2013
Cowboys,Chiefs,79f A Few Clouds,2,3m N,2013
Browns,Ravens,78f Partly Cloudy,2,0m N,2013
Titans,Texans,91f Mostly Cloudy,2,9m E,2013
Chargers,Eagles,72f Mostly Cloudy,2,7m SW,2013
Lions,Cardinals,DOME,2,4m N,2013
Saints,Buccaneers,75f Overcast,2,7m SE,2013
Jaguars,Raiders,72f Fair,2,9m WSW,2013
Broncos,Giants,67f Fair,2,3m W,2013
49ers,Seahawks,"64f Thunder, Lt Rain",2,6m SE,2013
Chiefs,Eagles,64f Fair,3,5m SW,2013
Packers,Bengals,67f Fair,3,7m NE,2013
Rams,Cowboys,79f Clear,3,6m ENE,2013
Chargers,Titans,76f Fair,3,7m NNE,2013
Browns,Vikings,DOME,3,16m ESE,2013
Buccaneers,Patriots,72f Fair,3,12m W,2013
Cardinals,Saints,DOME,3,10m NE,2013
Lions,Redskins,71f Overcast,3,11m NW,2013
Giants,Panthers,77f Partly Cloudy,3,10m NNE,2013
Texans,Ravens,72f Mostly Clear,3,0m N,2013
Falcons,Dolphins,85f Fair,3,4m SE,2013
Bills,Jets,64f Mostly Cloudy,3,9m WNW,2013
Colts,49ers,64f NA,3,0m N,2013
Jaguars,Seahawks,61f Mostly Cloudy,3,15m S,2013
Bears,Steelers,52f Overcast,3,4m N,2013
49ers,Rams,DOME,4,5m ESE,2013
Ravens,Bills,74f Mostly Cloudy,4,8m SW,2013
Bengals,Browns,0f Overcast,4,5m S,2013
Bears,Lions,DOME,4,3m SSW,2013
Giants,Chiefs,73f Fair,4,5m ENE,2013
Steelers,Vikings,60f Mostly Cloudy,4,,2013
Cardinals,Buccaneers,84f Partly Cloudy,4,7m WSW,2013
Colts,Jaguars,80f Mostly Cloudy,4,11m NE,2013
Seahawks,Texans,82f Mostly Cloudy,4,9m N,2013
Jets,Titans,68f  Light Rain,4,4m SSW,2013
Eagles,Broncos,73f Mostly Cloudy,4,6m NW,2013
Cowboys,Chargers,80f NA,4,6m WNW,2013
Redskins,Raiders,72f A Few Clouds,4,5m SW,2013
Patriots,Falcons,DOME,4,0m N,2013
Bills,Browns,63f  Light Rain,5,8m S,2013
Saints,Bears,61f Mostly Cloudy,5,12m WSW,2013
Patriots,Bengals,74f Mostly Cloudy,5,16m S,2013
Jaguars,Rams,DOME,5,13m W,2013
Ravens,Dolphins,87f A Few Clouds,5,6m SSE,2013
Eagles,Giants,69f  Fog/Mist,5,9m ESE,2013
Lions,Packers,61f Fair,5,12m WSW,2013
Chiefs,Titans,63f  Light Rain,5,6m WNW,2013
Seahawks,Colts,DOME,5,9m SW,2013
Panthers,Cardinals,DOME,5,0m N,2013
Broncos,Cowboys,75f Clear,5,7m NW,2013
Texans,49ers,73f A Few Clouds,5,0m N,2013
Chargers,Raiders,63f Partly Cloudy,5,0m N,2013
Giants,Bears,63f Fair,6,6m E,2013
Bengals,Bills,68f Overcast,6,5m SSW,2013
Lions,Browns,67f Overcast,6,8m N,2013
Raiders,Chiefs,70f Fair,6,11m E,2013
Panthers,Vikings,DOME,6,5m SW,2013
Eagles,Buccaneers,84f Mostly Cloudy,6,4m N,2013
Packers,Ravens,68f Areas Drizzle,6,0m N,2013
Rams,Texans,76f Overcast,6,5m ENE,2013
Steelers,Jets,65f Fair,6,10m E,2013
Jaguars,Broncos,59f Partly Cloudy with Haze,6,4m NNW,2013
Titans,Seahawks,57f Partly Cloudy,6,3m N,2013
Saints,Patriots,47f Fair,6,0m N,2013
Cardinals,49ers,67f Clear,6,0m N,2013
Redskins,Cowboys,72f Fair,6,6m E,2013
Seahawks,Cardinals,DOME,7,5m SSW,2013
Buccaneers,Falcons,DOME,7,0m N,2013
Bengals,Lions,DOME,7,8m SW,2013
Texans,Chiefs,70f Fair,7,10m SW,2013
Bills,Dolphins,87f Mostly Cloudy,7,11m E,2013
Patriots,Jets,65f Fair,7,12m W,2013
Cowboys,Eagles,62f A Few Clouds,7,12m NW,2013
Bears,Redskins,62f Fair,7,8m WNW,2013
Rams,Panthers,64f Partly Cloudy,7,0m N,2013
Chargers,Jaguars,77f Fair,7,7m NNE,2013
49ers,Titans,58f Fair,7,4m E,2013
Ravens,Steelers,52f Fair,7,7m SSW,2013
Browns,Packers,43f Overcast,7,6m SE,2013
Broncos,Colts,DOME,7,9m S,2013
Panthers,Buccaneers,65f Mostly Cloudy,8,3m NNE,2013
Cowboys,Lions,DOME,8,9m WSW,2013
Browns,Chiefs,61f Fair,8,9m SSW,2013
Dolphins,Patriots,53f Partly Cloudy,8,14m W,2013
Bills,Saints,DOME,8,6m SSE,2013
Giants,Eagles,58f A Few Clouds,8,13m W,2013
49ers,Jaguars,73f Fair,8,0m N,2013
Steelers,Raiders,59f Mostly Cloudy,8,15m W,2013
Jets,Bengals,48f Fair,8,0m N,2013
Redskins,Broncos,68f Partly Cloudy,8,8m NW,2013
Falcons,Cardinals,DOME,8,8m S,2013
Packers,Vikings,DOME,8,14m N,2013
Bengals,Dolphins,78f A Few Clouds,9,5m ESE,2013
Chiefs,Bills,38f A Few Clouds,9,5m NNW,2013
Chargers,Redskins,49f Mostly Cloudy,9,10m N,2013
Falcons,Panthers,62f A Few Clouds,9,12m N,2013
Vikings,Cowboys,64f Clear,9,7m SE,2013
Titans,Rams,DOME,9,13m SE,2013
Saints,Jets,53f Overcast,9,8m N,2013
Buccaneers,Seahawks,52f Mostly Cloudy,9,4m N,2013
Eagles,Raiders,62f Overcast,9,10m W,2013
Steelers,Patriots,42f Fair,9,3m NNW,2013
Ravens,Browns,0f A Few Clouds,9,15m NE,2013
Colts,Texans,59f A Few Clouds,9,8m E,2013
Redskins,Vikings,DOME,10,0m N,2013
Seahawks,Falcons,DOME,10,6m N,2013
Lions,Bears,47f A Few Clouds,10,4m WNW,2013
Eagles,Packers,46f Partly Cloudy,10,9m WSW,2013
Jaguars,Titans,65f Fair,10,5m NNW,2013
Rams,Colts,DOME,10,7m NW,2013
Raiders,Giants,53f  Light Rain,10,14m NW,2013
Bills,Steelers,45f Overcast,10,17m WNW,2013
Bengals,Ravens,62f Breezy,10,0m N,2013
Panthers,49ers,61f NA,10,0m N,2013
Broncos,Chargers,77f NA,10,6m SW,2013
Texans,Cardinals,DOME,10,0m N,2013
Cowboys,Saints,DOME,10,0m N,2013
Colts,Titans,40f Partly Cloudy,11,5m S,2013
Raiders,Texans,85f Mostly Cloudy,11,14m SSW,2013
Redskins,Eagles,67f Mostly Cloudy,11,7m SSW,2013
Lions,Steelers,59f  Light Rain,11,11m S,2013
Jets,Bills,62f Mostly Cloudy,11,17m S,2013
Ravens,Bears,68f Overcast and Windy,11,24m S,2013
Browns,Bengals,64f Overcast,11,13m S,2013
Falcons,Buccaneers,79f Overcast,11,3m W,2013
Cardinals,Jaguars,79f Overcast,11,4m SSE,2013
Chargers,Dolphins,80f A Few Clouds,11,8m ESE,2013
Vikings,Seahawks,47f Overcast,11,5m SSW,2013
49ers,Saints,DOME,11,7m S,2013
Packers,Giants,61f  Fog/Mist,11,0m N,2013
Chiefs,Broncos,33/51f Breezy,11,,2013
Saints,Falcons,DOME,12,4m E,2013
Steelers,Browns,33f  Snow and Breezy,12,22m WNW,2013
Buccaneers,Lions,DOME,12,11m WNW,2013
Vikings,Packers,20f Fair,12,10m SW,2013
Chargers,Chiefs,28f Fair,12,4m N,2013
Bears,Rams,DOME,12,4m N,2013
Panthers,Dolphins,80f  Light Rain,12,17m NNE,2013
Jets,Ravens,34f Breezy,12,0m N,2013
Jaguars,Texans,50f Overcast,12,9m N,2013
Colts,Cardinals,DOME,12,0m N,2013
Titans,Raiders,59f A Few Clouds,12,5m W,2013
Cowboys,Giants,26f Fair,12,7m WNW,2013
Broncos,Patriots,23f Fair,12,16m WNW,2013
Packers,Lions,DOME,13,6m S,2013
Raiders,Cowboys,52f Clear,13,0m N,2013
Steelers,Ravens,37f Mostly Clear,13,0m N,2013
Buccaneers,Panthers,57f Partly Cloudy,13,5m SW,2013
Jaguars,Browns,44f Overcast,13,8m SW,2013
Titans,Colts,DOME,13,9m WSW,2013
Broncos,Chiefs,53f Fair with Haze,13,0m N,2013
Bears,Vikings,DOME,13,0m N,2013
Dolphins,Jets,49f Overcast,13,5m WNW,2013
Cardinals,Eagles,47f Mostly Cloudy,13,5m SW,2013
Falcons,Bills,DOME,13,,2013
Rams,49ers,66f Areas Fog,13,0m N,2013
Patriots,Texans,67f Mostly Cloudy,13,6m SSE,2013
Bengals,Chargers,76f Mostly Clear,13,3m W,2013
Giants,Redskins,37f Overcast,13,3m S,2013
Texans,Jaguars,70f Fair,14,4m SSE,2013
Colts,Bengals,28f Overcast,14,7m E,2013
Bills,Buccaneers,83f Partly Cloudy,14,11m SE,2013
Chiefs,Redskins,28f  Light Freezing Rain,14,5m NE,2013
Vikings,Ravens,30f Wintry Mix,14,0m N,2013
Browns,Patriots,31f Fair,14,3m NNW,2013
Raiders,Jets,34f Overcast,14,5m N,2013
Lions,Eagles,27f  Heavy Snow Freezing Fog,14,7m NE,2013
Dolphins,Steelers,26f  Light Snow Fog/Mist,14,4m ENE,2013
Falcons,Packers,10f  Light Snow,14,9m NE,2013
Titans,Broncos,19f A Few Clouds with Haze,14,7m E,2013
Giants,Chargers,53f Partly Cloudy,14,7m WSW,2013
Seahawks,49ers,45f Clear,14,0m N,2013
Rams,Cardinals,DOME,14,10m SSW,2013
Panthers,Saints,DOME,14,4m N,2013
Chargers,Broncos,39f A Few Clouds,15,6m NNW,2013
Redskins,Falcons,DOME,15,12m NW,2013
Bears,Browns,22f  Light Snow,15,11m W,2013
Cardinals,Titans,34f Overcast,15,5m W,2013
Texans,Colts,DOME,15,15m WSW,2013
Saints,Rams,DOME,15,5m SW,2013
Patriots,Dolphins,85f Partly Cloudy,15,12m SW,2013
Eagles,Vikings,DOME,15,6m NW,2013
Seahawks,Giants,40f A Few Clouds,15,11m WNW,2013
Bills,Jaguars,66f Overcast,15,8m NW,2013
49ers,Buccaneers,69f Overcast,15,7m NNW,2013
Jets,Panthers,44f A Few Clouds,15,5m NW,2013
Chiefs,Raiders,55f A Few Clouds,15,4m SW,2013
Packers,Cowboys,59f Clear,15,0m N,2013
Bengals,Steelers,27f Overcast and Breezy,15,18m W,2013
Dolphins,Bills,36f  Light Rain Fog/Mist,16,5m SSW,2013
Vikings,Bengals,53f Partly Cloudy,16,13m SSW,2013
Colts,Chiefs,25f Overcast with Haze,16,8m NW,2013
Buccaneers,Rams,DOME,16,12m W,2013
Browns,Jets,70f Overcast,16,11m S,2013
Cowboys,Redskins,62f A Few Clouds,16,9m S,2013
Saints,Panthers,70f  Light Rain Fog/Mist,16,12m S,2013
Titans,Jaguars,82f Mostly Cloudy,16,12m SW,2013
Broncos,Texans,59f Overcast,16,10m NNW,2013
Cardinals,Seahawks,50f Fog,16,0m N,2013
Giants,Lions,DOME,16,8m WSW,2013
Steelers,Packers,22f  Light Snow Fog/Mist,16,5m NNE,2013
Raiders,Chargers,69f A few Clouds,16,2m W,2013
Patriots,Ravens,63f Showers,16,0m N,2013
Bears,Eagles,60f Mostly Cloudy,16,5m WSW,2013
Panthers,Falcons,DOME,17,9m WNW,2013
Ravens,Bengals,59f Overcast,17,9m SW,2013
Texans,Titans,53f A Few Clouds,17,3m N,2013
Jaguars,Colts,DOME,17,19m WNW,2013
Browns,Steelers,41f  Light Rain Fog/Mist,17,7m NNW,2013
Jets,Dolphins,79f Mostly Cloudy,17,10m S,2013
Lions,Vikings,DOME,17,11m NW,2013
Redskins,Giants,42f  Heavy Rain Fog/Mist,17,5m NE,2013
Packers,Bears,24f Overcast,17,10m NW,2013
Bills,Patriots,41f  Rain Fog/Mist,17,8m ENE,2013
Buccaneers,Saints,DOME,17,3m N,2013
49ers,Cardinals,DOME,17,5m N,2013
Chiefs,Chargers,71f Sunny,17,2m WSW,2013
Rams,Seahawks,44f Overcast,17,0m N,2013
Broncos,Raiders,71f A Few Clouds,17,10m NE,2013
Packers,Seahawks,70f Fair,1,5m NW,2014
Saints,Falcons,DOME,1,6m W,2014
Bills,Bears,77f Partly Cloudy,1,7m ESE,2014
Titans,Chiefs,77f Fair,1,5m E,2014
Vikings,Rams,DOME,1,6m ESE,2014
Patriots,Dolphins,89f Fair,1,13m SE,2014
Raiders,Jets,80f Partly Cloudy,1,3m N,2014
Jaguars,Eagles,80f Partly Cloudy,1,6m N,2014
Browns,Steelers,72f A Few Clouds,1,6m N,2014
Bengals,Ravens,78f Mostly Cloudy,1,0m N,2014
Redskins,Texans,82f  Thunderstorm,1,12m SSE,2014
Panthers,Buccaneers,79f Overcast,1,7m SE,2014
49ers,Cowboys,84f Partly Cloudy,1,0m N,2014
Colts,Broncos,70f Partly Cloudy,1,6m SSW,2014
Giants,Lions,DOME,1,3m E,2014
Steelers,Ravens,80f Mostly Cloudy,2,0m N,2014
Dolphins,Bills,61f Mostly Cloudy,2,4m W,2014
Falcons,Bengals,68f A Few Clouds,2,4m N,2014
Saints,Browns,62f Mostly Cloudy,2,5m NW,2014
Cowboys,Titans,77f Mostly Cloudy,2,6m NNE,2014
Patriots,Vikings,65f Mostly Cloudy,2,11m W,2014
Cardinals,Giants,71f Fair,2,5m N,2014
Jaguars,Redskins,67f Fair,2,4m W,2014
Lions,Panthers,68f Overcast,2,7m N,2014
Seahawks,Chargers,85f Sunny,2,6m SW,2014
Rams,Buccaneers,78f Mostly Cloudy,2,0m N,2014
Chiefs,Broncos,82f   Showers in Vicinity,2,14m WNW,2014
Jets,Packers,63f Fair,2,11m SSW,2014
Texans,Raiders,73f A Few Clouds,2,10m WNW,2014
Bears,49ers,73f A Few Clouds,2,9m WNW,2014
Buccaneers,Falcons,DOME,3,3m ESE,2014
Chargers,Bills,72f Partly Cloudy,3,16m SW,2014
Titans,Bengals,79f Fair,3,14m W,2014
Ravens,Browns,69f Partly Cloudy and Breezy,3,19m W,2014
Packers,Lions,DOME,3,6m WNW,2014
Cowboys,Rams,DOME,3,15m WNW,2014
Raiders,Patriots,78f A Few Clouds,3,7m SSE,2014
Vikings,Saints,DOME,3,11m NNE,2014
Texans,Giants,76f  Fog/Mist,3,0m N,2014
Redskins,Eagles,76f Mostly Cloudy,3,4m ESE,2014
Colts,Jaguars,85f Fair,3,5m E,2014
49ers,Cardinals,DOME,3,3m NNW,2014
Chiefs,Dolphins,84f Fair,3,8m SSE,2014
Broncos,Seahawks,83f Fair,3,6m N,2014
Steelers,Panthers,74f Overcast,3,3m WSW,2014
Giants,Redskins,63f Overcast,4,7m NNE,2014
Packers,Bears,78f Mostly Cloudy,4,6m E,2014
Titans,Colts,DOME,4,0m N,2014
Dolphins,Raiders,68f Partly Cloudy,4,,2014
Lions,Jets,85f Fair,4,6m S,2014
Buccaneers,Steelers,73f Fair,4,6m SSW,2014
Panthers,Ravens,79f Partly Cloudy,4,0m N,2014
Bills,Texans,86f Mostly Cloudy,4,4m ESE,2014
Jaguars,Chargers,72f NA,4,7m W,2014
Falcons,Vikings,80f Partly Cloudy,4,8m SSW,2014
Eagles,49ers,75f Mostly Cloudy,4,7m WNW,2014
Saints,Cowboys,79f Fair,4,3m ENE,2014
Vikings,Packers,63f  Fog/Mist,5,7m SSE,2014
Texans,Cowboys,81f Clear,5,0m N,2014
Bills,Lions,DOME,5,11m SW,2014
Browns,Titans,71f Mostly Cloudy,5,13m S,2014
Ravens,Colts,DOME,5,19m SSW,2014
Buccaneers,Saints,DOME,5,5m ESE,2014
Falcons,Giants,61f Fair,5,6m WNW,2014
Rams,Eagles,60f Partly Cloudy,5,6m W,2014
Bears,Panthers,63f A Few Clouds,5,7m S,2014
Steelers,Jaguars,73f Fair,5,4m NNE,2014
Cardinals,Broncos,72f Partly Cloudy,5,8m ENE,2014
Jets,Chargers,83f NA,5,6m WSW,2014
Chiefs,49ers,88f A Few Clouds,5,6m WNW,2014
Bengals,Patriots,35f  Fog,5,0m N,2014
Colts,Texans,77f Partly Cloudy,6,3m SE,2014
Patriots,Bills,59f A Few Clouds,6,3m N,2014
Panthers,Bengals,62f Overcast,6,6m S,2014
Steelers,Browns,64f Fair,6,7m E,2014
Jaguars,Titans,74f Mostly Cloudy,6,7m SSW,2014
Packers,Dolphins,88f Mostly Cloudy,6,12m E,2014
Lions,Vikings,61f Partly Cloudy and Breezy,6,20m SSE,2014
Broncos,Jets,64f Fair,6,3m NW,2014
Ravens,Buccaneers,87f Mostly Cloudy,6,4m ESE,2014
Chargers,Raiders,86f A Few Clouds,6,7m NW,2014
Bears,Falcons,DOME,6,7m NE,2014
Redskins,Cardinals,DOME,6,14m S,2014
Cowboys,Seahawks,66f Overcast,6,5m SSW,2014
Giants,Eagles,57f Mostly Cloudy,6,5m SSE,2014
Jets,Patriots,63f Overcast,7,5m S,2014
Vikings,Bills,45f Mostly Cloudy,7,8m WSW,2014
Dolphins,Bears,55f Mostly Cloudy,7,12m SW,2014
Saints,Lions,DOME,7,9m WSW,2014
Panthers,Packers,53f A Few Clouds,7,11m SSW,2014
Bengals,Colts,DOME,7,9m SW,2014
Seahawks,Rams,DOME,7,4m N,2014
Titans,Redskins,57f Fair,7,16m W,2014
Browns,Jaguars,74f Mostly Cloudy,7,10m NE,2014
Falcons,Ravens,57f Mostly Clear,7,0m N,2014
Chiefs,Chargers,71f NA,7,6m WNW,2014
Giants,Cowboys,75f Clear,7,0m N,2014
Cardinals,Raiders,70f A Few Clouds,7,14m W,2014
49ers,Broncos,63f A Few Clouds,7,0m N,2014
Chargers,Broncos,61f Partly Cloudy,8,3m SW,2014
Lions,Falcons,58f Cloudy,8,,2014
Ravens,Bengals,67f Fair,8,5m WSW,2014
Texans,Titans,79f Fair,8,5m E,2014
Rams,Chiefs,85f Fair,8,13m S,2014
Bears,Patriots,57f Mostly Cloudy,8,14m WNW,2014
Bills,Jets,61f Overcast and Breezy,8,19m NW,2014
Vikings,Buccaneers,78f Fair,8,7m WSW,2014
Seahawks,Panthers,81f Fair,8,11m W,2014
Dolphins,Jaguars,81f Fair,8,0m N,2014
Eagles,Cardinals,DOME,8,6m WSW,2014
Raiders,Browns,54f Fair,8,9m W,2014
Colts,Steelers,56f Fair,8,7m W,2014
Packers,Saints,DOME,8,6m S,2014
Saints,Panthers,53f Fair,9,3m NNE,2014
Jaguars,Bengals,46f Fair,9,4m SSE,2014
Buccaneers,Browns,0f Mostly Cloudy,9,10m W,2014
Cardinals,Cowboys,64f Clear,9,0m N,2014
Jets,Chiefs,64f Fair and Breezy,9,20m S,2014
Chargers,Dolphins,69f Fair,9,5m N,2014
Redskins,Vikings,54f Partly Cloudy,9,12m SSE,2014
Eagles,Texans,71f Mostly Cloudy,9,8m SSE,2014
Rams,49ers,64f A Few Clouds,9,10m NW,2014
Broncos,Patriots,41f Fair and Breezy,9,18m NW,2014
Raiders,Seahawks,56f Lt Rain,9,7m SSE,2014
Ravens,Steelers,37f Fair,9,5m WNW,2014
Browns,Bengals,43f Overcast,10,0m N,2014
Chiefs,Bills,41f  Light Rain,10,11m SSW,2014
Dolphins,Lions,DOME,10,15m SW,2014
49ers,Saints,DOME,10,8m NE,2014
Steelers,Jets,57f Fair,10,9m SW,2014
Falcons,Buccaneers,66f Overcast,10,5m NE,2014
Cowboys,Jaguars,39/53f Chance Showers,10,,2014
Titans,Ravens,57f Sunny,10,0m N,2014
Broncos,Raiders,69f A Few Clouds,10,7m WNW,2014
Rams,Cardinals,DOME,10,6m E,2014
Giants,Seahawks,56f Lt Rain,10,0m N,2014
Bears,Packers,32f Fair,10,6m NNW,2014
Bills,Dolphins,71f Fair,11,0m N,2014
Vikings,Bears,32f  Light Snow,11,10m SSW,2014
Texans,Browns,34f Overcast,11,7m SSW,2014
Eagles,Packers,27f Overcast,11,9m SSW,2014
Seahawks,Chiefs,21f Fair,11,10m W,2014
Broncos,Rams,DOME,11,6m W,2014
Bengals,Saints,DOME,11,19m SSE,2014
49ers,Giants,43f Overcast,11,4m SSW,2014
Buccaneers,Redskins,46f Overcast,11,7m S,2014
Falcons,Panthers,52f Overcast,11,3m ESE,2014
Raiders,Chargers,71f NA,11,7m WNW,2014
Lions,Cardinals,DOME,11,12m N,2014
Patriots,Colts,DOME,11,4m WNW,2014
Chiefs,Raiders,"55f Mod Rain, Fog",12,11m ENE,2014
Browns,Falcons,DOME,12,10m ENE,2014
Buccaneers,Bears,53f  Light Rain,12,10m S,2014
Jaguars,Colts,DOME,12,9m SE,2014
Packers,Vikings,46f  Fog/Mist,12,6m NW,2014
Lions,Patriots,61f Fair,12,6m WSW,2014
Titans,Eagles,53f Mostly Cloudy,12,6m S,2014
Bengals,Texans,76f Fair,12,14m SW,2014
Rams,Chargers,72f NA,12,3m S,2014
Cardinals,Seahawks,57f Partly Cloudy,12,6m S,2014
Dolphins,Broncos,36f   Showers in Vicinity,12,7m NNE,2014
Redskins,49ers,63f Mostly Cloudy,12,4m WNW,2014
Cowboys,Giants,48f Fair,12,0m N,2014
Jets,Bills,DOME,12,21m WSW,2014
Bears,Lions,DOME,13,9m WNW,2014
Eagles,Cowboys,57f Clear,13,0m N,2014
Seahawks,49ers,58f A Few Clouds,13,0m N,2014
Browns,Bills,57f Overcast,13,11m SSW,2014
Redskins,Colts,DOME,13,17m SSW,2014
Raiders,Rams,DOME,13,12m WSW,2014
Panthers,Vikings,15f Overcast,13,15m WNW,2014
Saints,Steelers,61f Overcast,13,12m SW,2014
Bengals,Buccaneers,76f Mostly Cloudy,13,7m E,2014
Giants,Jaguars,72f Partly Cloudy,13,7m SSE,2014
Chargers,Ravens,58f Mostly Sunny,13,0m N,2014
Titans,Texans,78f Partly Cloudy,13,10m S,2014
Cardinals,Falcons,DOME,13,3m SSE,2014
Patriots,Packers,23f Fair,13,7m NW,2014
Broncos,Chiefs,25f Fair,13,12m N,2014
Cowboys,Bears,34f Overcast,14,6m SE,2014
Steelers,Bengals,42f Clear,14,3m NE,2014
Colts,Browns,38f Mostly Cloudy,14,11m NE,2014
Buccaneers,Lions,DOME,14,5m E,2014
Giants,Titans,47f Mostly Cloudy,14,7m NE,2014
Ravens,Dolphins,77f Partly Cloudy,14,12m NNW,2014
Jets,Vikings,34f Mostly Cloudy,14,11m SSE,2014
Panthers,Saints,DOME,14,5m N,2014
Rams,Redskins,46f Clear,14,10m N,2014
Texans,Jaguars,58f Overcast,14,9m N,2014
Bills,Broncos,55f Clear,14,3m NW,2014
Chiefs,Cardinals,DOME,14,1m NW,2014
49ers,Raiders,61f Overcast,14,2m SSW,2014
Seahawks,Eagles,39f Clear,14,6m N,2014
Patriots,Chargers,64f Mostly Cloudy,14,2m N,2014
Cardinals,Rams,DOME,15,1m SSE,2014
Steelers,Falcons,DOME,15,8m WNW,2014
Packers,Bills,34f Overcast,15,9m W,2014
Bengals,Browns,45f Overcast,15,5m W,2014
Texans,Colts,DOME,15,4m S,2014
Raiders,Chiefs,60f Overcast,15,10m S,2014
Dolphins,Patriots,43f Clear,15,5m WNW,2014
Redskins,Giants,43f Overcast,15,7m NW,2014
Buccaneers,Panthers,58f Clear,15,2m NNW,2014
Jaguars,Ravens,49f Mostly Cloudy,15,7m NW,2014
Jets,Titans,49f Mostly Cloudy,15,1m E,2014
Broncos,Chargers,62f Partly Cloudy,15,5m WNW,2014
49ers,Seahawks,49f Clear,15,2m ENE,2014
Vikings,Lions,DOME,15,1m W,2014
Cowboys,Eagles,42f Mostly Cloudy,15,6m NNW,2014
Titans,Jaguars,54f Partly Cloudy,16,3m W,2014
Eagles,Redskins,35f Mostly Cloudy,16,1m W,2014
Chargers,49ers,58f Overcast,16,1m SW,2014
Lions,Bears,36f Mostly Cloudy,16,7m S,2014
Vikings,Dolphins,78f Mostly Cloudy,16,7m SE,2014
Falcons,Saints,DOME,16,2m NE,2014
Patriots,Jets,35f Mostly Cloudy,16,4m NW,2014
Chiefs,Steelers,34f Mostly Cloudy,16,0m NE,2014
Packers,Buccaneers,76f Mostly Cloudy,16,4m S,2014
Browns,Panthers,50f Mostly Cloudy,16,4m NE,2014
Ravens,Texans,58f Mostly Cloudy,16,2m E,2014
Giants,Rams,DOME,16,7m SE,2014
Colts,Cowboys,51f Overcast,16,9m S,2014
Bills,Raiders,62f Mostly Cloudy,16,6m WNW,2014
Seahawks,Cardinals,DOME,16,1m W,2014
Colts,Titans,41f Overcast,17,5m NW,2014
Chargers,Chiefs,37f Clear,17,5m SW,2014
Jets,Dolphins,80f Partly Cloudy,17,7m SE,2014
Bears,Vikings,22f Mostly Cloudy,17,4m N,2014
Bills,Patriots,49f Overcast,17,8m W,2014
Eagles,Giants,51f Mostly Cloudy,17,6m WNW,2014
Saints,Buccaneers,77f Partly Cloudy,17,7m SSW,2014
Cowboys,Redskins,57f Mostly Cloudy,17,4m WNW,2014
Browns,Ravens,56f Overcast,17,3m WNW,2014
Jaguars,Texans,43f Drizzle,17,8m NW,2014
Panthers,Falcons,DOME,17,2m W,2014
Lions,Packers,25f Overcast,17,6m NW,2014
Raiders,Broncos,33f Partly Cloudy,17,0m NW,2014
Cardinals,49ers,56f Clear,17,5m NW,2014
Rams,Seahawks,43f Mostly Cloudy,17,1m SSW,2014
Steelers,Patriots,64f Light Rain,1,9m NE,2015
Packers,Bears,68f Partly Cloudy,1,4m WNW,2015
Chiefs,Texans,83f Clear,1,8m E,2015
Browns,Jets,76f Partly Cloudy,1,7m WSW,2015
Colts,Bills,53f Mostly Cloudy,1,7m WSW,2015
Dolphins,Redskins,71f Partly Cloudy,1,11m W,2015
Panthers,Jaguars,81f Partly Cloudy,1,1m WSW,2015
Seahawks,Rams,DOME,1,3m SSW,2015
Saints,Cardinals,DOME,1,4m WSW,2015
Lions,Chargers,82f Clear,1,8m W,2015
Titans,Buccaneers,81f Mostly Cloudy,1,6m NNW,2015
Bengals,Raiders,75f Partly Cloudy,1,9m W,2015
Ravens,Broncos,86f Partly Cloudy,1,5m NNW,2015
Giants,Cowboys,78f Clear,1,9m SSE,2015
Eagles,Falcons,DOME,1,2m E,2015
Broncos,Chiefs,80f Mostly Cloudy,2,8m SSW,2015
Texans,Panthers,88f Partly Cloudy,2,2m N,2015
49ers,Steelers,69f Clear,2,2m NW,2015
Buccaneers,Saints,DOME,2,2m N,2015
Lions,Vikings,70f Partly Cloudy,2,12m S,2015
Cardinals,Bears,69f Partly Cloudy,2,3m E,2015
Patriots,Bills,62f Clear,2,4m N,2015
Chargers,Bengals,73f Partly Cloudy,2,6m NE,2015
Titans,Browns,66f Partly Cloudy,2,11m NNE,2015
Falcons,Giants,77f Clear,2,7m N,2015
Rams,Redskins,75f Partly Cloudy,2,6m N,2015
Dolphins,Jaguars,83f Clear,2,5m E,2015
Ravens,Raiders,89f Dry and Partly Cloudy,2,7m NW,2015
Cowboys,Eagles,74f Clear,2,7m N,2015
Seahawks,Packers,54f Clear,2,6m SSE,2015
Redskins,Giants,66f Clear,3,2m ENE,2015
Falcons,Cowboys,89f Clear,3,4m ENE,2015
Colts,Titans,77f Mostly Cloudy,3,4m SE,2015
Raiders,Browns,75f Mostly Cloudy,3,10m SSE,2015
Bengals,Ravens,73f Mostly Cloudy,3,8m ENE,2015
Jaguars,Patriots,70f Clear,3,3m SSE,2015
Saints,Panthers,67f Overcast,3,8m NNE,2015
Eagles,Jets,70f Partly Cloudy,3,5m ESE,2015
Buccaneers,Texans,75f Mostly Cloudy,3,8m NE,2015
Chargers,Vikings,80f Clear,3,13m SSW,2015
Steelers,Rams,DOME,3,4m SE,2015
49ers,Cardinals,DOME,3,3m WSW,2015
Bills,Dolphins,80f Mostly Cloudy,3,0m SW,2015
Bears,Seahawks,62f Clear,3,7m NNW,2015
Broncos,Lions,DOME,3,7m S,2015
Ravens,Steelers,54f Mostly Cloudy,4,7m NE,2015
Jets,Dolphins,62f Partly Cloudy,4,6m SSE,2015
Jaguars,Colts,DOME,4,8m NE,2015
Giants,Bills,60f Mostly Cloudy,4,4m E,2015
Panthers,Buccaneers,75f Partly Cloudy,4,7m WNW,2015
Eagles,Redskins,59f Overcast,4,13m NNE,2015
Raiders,Bears,56f Overcast,4,8m NE,2015
Texans,Falcons,DOME,4,9m NE,2015
Chiefs,Bengals,73f Clear,4,8m ENE,2015
Browns,Chargers,68f Mostly Cloudy,4,7m WSW,2015
Packers,49ers,76f Clear,4,6m NW,2015
Rams,Cardinals,DOME,4,14m S,2015
Vikings,Broncos,60f Mostly Cloudy,4,5m NE,2015
Cowboys,Saints,DOME,4,10m N,2015
Colts,Texans,76f Mostly Cloudy,5,2m SE,2015
Bears,Chiefs,80f Clear,5,11m SSW,2015
Seahawks,Bengals,72f Clear,5,7m SSW,2015
Redskins,Falcons,DOME,5,2m NNE,2015
Jaguars,Buccaneers,83f Clear,5,9m NW,2015
Saints,Eagles,67f Clear,5,4m WSW,2015
Browns,Ravens,68f Clear,5,0m S,2015
Rams,Packers,73f Clear,5,15m SW,2015
Bills,Titans,72f Partly Cloudy,5,2m SSW,2015
Cardinals,Lions,DOME,5,15m SSW,2015
Patriots,Cowboys,92f Clear,5,11m S,2015
Broncos,Raiders,76f Clear,5,8m WNW,2015
49ers,Giants,57f Clear,5,3m SW,2015
Falcons,Saints,DOME,6,2m SSE,2015
Redskins,Jets,48f Mostly Cloudy,6,10m NW,2015
Cardinals,Steelers,42f Mostly Cloudy,6,8m W,2015
Chiefs,Vikings,62f Clear,6,15m SSE,2015
Bengals,Bills,37f Mostly Cloudy,6,2m WNW,2015
Bears,Lions,DOME,6,8m NW,2015
Broncos,Browns,46f Mostly Cloudy,6,11m NW,2015
Texans,Jaguars,70f Mostly Cloudy,6,13m NNE,2015
Dolphins,Titans,60f Clear,6,6m NE,2015
Panthers,Seahawks,59f Overcast,6,4m S,2015
Chargers,Packers,49f Clear,6,8m SSE,2015
Ravens,49ers,68f Partly Cloudy,6,10m WNW,2015
Patriots,Colts,DOME,6,2m SSE,2015
Seahawks,49ers,66f Clear,7,3m NW,2015
Bills,Jaguars,51f Clear,7,3m SSE,2015
Buccaneers,Redskins,70f Mostly Cloudy,7,8m NW,2015
Falcons,Titans,61f Overcast,7,8m NNE,2015
Saints,Colts,DOME,7,7m NE,2015
Vikings,Lions,DOME,7,5m NW,2015
Steelers,Chiefs,64f Clear,7,6m NE,2015
Browns,Rams,DOME,7,7m NE,2015
Texans,Dolphins,82f Mostly Cloudy,7,11m E,2015
Jets,Patriots,58f Mostly Cloudy,7,6m WSW,2015
Raiders,Chargers,77f Mostly Cloudy,7,5m SW,2015
Cowboys,Giants,59f Partly Cloudy,7,10m NNW,2015
Eagles,Panthers,64f Mostly Cloudy,7,0m N,2015
Dolphins,Patriots,53f Clear,8,9m WSW,2015
Lions,Chiefs,57f Clear,8,3m S,2015
Buccaneers,Falcons,DOME,8,2m NNE,2015
Cardinals,Browns,63f Partly Cloudy,8,17m WSW,2015
49ers,Rams,DOME,8,4m SSW,2015
Giants,Saints,DOME,8,6m E,2015
Vikings,Bears,61f Clear,8,7m WSW,2015
Chargers,Ravens,65f Partly Cloudy,8,6m SW,2015
Bengals,Steelers,63f Partly Cloudy,8,9m SW,2015
Titans,Texans,68f Mostly Cloudy,8,4m N,2015
Jets,Raiders,68f Partly Cloudy,8,8m W,2015
Seahawks,Cowboys,63f Partly Cloudy,8,0m NNE,2015
Packers,Broncos,52f Partly Cloudy,8,4m WSW,2015
Browns,Bengals,65f Mostly Cloudy,9,5m S,2015
Packers,Panthers,53f Mostly Cloudy,9,7m ENE,2015
Redskins,Patriots,54f Clear,9,8m W,2015
Titans,Saints,DOME,9,14m NNE,2015
Dolphins,Bills,47f Clear,9,6m WSW,2015
Rams,Vikings,57f Clear,9,14m SSW,2015
Jaguars,Jets,57f Clear,9,7m WNW,2015
Raiders,Steelers,51f Clear,9,0m SSE,2015
Giants,Buccaneers,77f Mostly Cloudy,9,1m SE,2015
Falcons,49ers,58f Mostly Cloudy,9,2m W,2015
Broncos,Colts,DOME,9,4m ESE,2015
Eagles,Cowboys,53f Clear,9,2m ENE,2015
Bills,Jets,56f Partly Cloudy,10,9m WSW,2015
Lions,Packers,57f Clear,10,6m SW,2015
Cowboys,Buccaneers,77f Partly Cloudy,10,9m E,2015
Panthers,Titans,60f Partly Cloudy,10,3m ESE,2015
Bears,Rams,DOME,10,8m SSW,2015
Saints,Redskins,62f Clear,10,7m SW,2015
Dolphins,Eagles,59f Clear,10,9m WSW,2015
Browns,Steelers,60f Clear,10,6m SW,2015
Jaguars,Ravens,63f Clear,10,5m WSW,2015
Vikings,Raiders,57f Clear,10,15m WNW,2015
Patriots,Giants,54f Clear,10,5m WSW,2015
Chiefs,Broncos,59f Partly Cloudy,10,1m NE,2015
Cardinals,Seahawks,42f Partly Cloudy,10,1m SSE,2015
Titans,Jaguars,71f Partly Cloudy,11,2m NW,2015
Raiders,Lions,DOME,11,10m W,2015
Colts,Falcons,DOME,11,8m NW,2015
Jets,Texans,52f Clear,11,5m N,2015
Buccaneers,Eagles,48f Mostly Cloudy,11,10m NW,2015
Broncos,Bears,29f Clear,11,6m SSW,2015
Rams,Ravens,47f Partly Cloudy,11,10m NNW,2015
Cowboys,Dolphins,75f Partly Cloudy,11,10m WSW,2015
Redskins,Panthers,52f Partly Cloudy,11,8m N,2015
Chiefs,Chargers,78f Clear,11,4m WNW,2015
Packers,Vikings,32f Mostly Cloudy,11,7m S,2015
49ers,Seahawks,48f Partly Cloudy,11,3m NNW,2015
Bengals,Cardinals,DOME,11,2m N,2015
Eagles,Lions,DOME,12,15m SSW,2015
Panthers,Cowboys,68f Humid and Mostly Cloudy,12,11m SE,2015
Bears,Packers,35f Light Rain,12,10m N,2015
Saints,Texans,55f Overcast,12,8m NNW,2015
Rams,Bengals,45f Mostly Cloudy,12,6m NE,2015
Vikings,Falcons,DOME,12,1m S,2015
Giants,Redskins,46f Overcast,12,5m N,2015
Buccaneers,Colts,DOME,12,8m NE,2015
Bills,Chiefs,34f Light Rain,12,5m NE,2015
Raiders,Titans,57f Overcast,12,2m NNE,2015
Chargers,Jaguars,75f Clear,12,6m NE,2015
Dolphins,Jets,48f Clear,12,5m NNW,2015
Cardinals,49ers,57f Clear,12,2m NNW,2015
Steelers,Seahawks,37f Mostly Cloudy,12,2m SSW,2015
Patriots,Broncos,21f Light Snow,12,0m NNW,2015
Packers,Lions,DOME,13,11m WSW,2015
Jets,Giants,52f Clear,13,5m SSW,2015
Cardinals,Rams,DOME,13,4m SW,2015
Falcons,Buccaneers,78f Partly Cloudy,13,11m NE,2015
Seahawks,Vikings,36f Overcast,13,3m W,2015
Texans,Bills,49f Mostly Cloudy,13,4m WSW,2015
Ravens,Dolphins,78f Mostly Cloudy,13,14m NE,2015
Bengals,Browns,46f Mostly Cloudy,13,5m SW,2015
Jaguars,Titans,56f Mostly Cloudy,13,4m SSW,2015
49ers,Bears,46f Clear,13,4m SSW,2015
Broncos,Chargers,71f Partly Cloudy,13,7m NW,2015
Chiefs,Raiders,60f Mostly Cloudy,13,3m WSW,2015
Panthers,Saints,DOME,13,3m NNE,2015
Eagles,Patriots,44f Clear,13,5m SSW,2015
Colts,Steelers,35f Partly Cloudy,13,2m S,2015
Vikings,Cardinals,DOME,14,1m NE,2015
Bills,Eagles,69f Mostly Cloudy,14,1m SW,2015
49ers,Browns,62f Mostly Cloudy,14,8m SSE,2015
Lions,Rams,DOME,14,15m SSE,2015
Saints,Buccaneers,80f Partly Cloudy,14,12m ESE,2015
Titans,Jets,65f Mostly Cloudy,14,4m ENE,2015
Steelers,Bengals,65f Partly Cloudy,14,6m SSE,2015
Colts,Jaguars,77f Partly Cloudy,14,8m E,2015
Chargers,Chiefs,60f Light Rain,14,11m SSE,2015
Redskins,Bears,58f Overcast,14,11m S,2015
Falcons,Panthers,70f Mostly Cloudy,14,6m S,2015
Seahawks,Ravens,66f Mostly Cloudy,14,3m SE,2015
Raiders,Broncos,39f Partly Cloudy,14,2m N,2015
Cowboys,Packers,52f Drizzle,14,9m S,2015
Patriots,Texans,52f Partly Cloudy,14,3m S,2015
Buccaneers,Rams,DOME,15,6m WNW,2015
Jets,Cowboys,50f Clear,15,7m SSE,2015
Bears,Vikings,36f Mostly Cloudy,15,3m SSW,2015
Falcons,Jaguars,68f Clear,15,7m ENE,2015
Texans,Colts,DOME,15,13m S,2015
Panthers,Giants,41f Clear,15,4m W,2015
Titans,Patriots,39f Clear,15,5m W,2015
Bills,Redskins,45f Clear,15,3m S,2015
Chiefs,Ravens,43f Clear,15,3m SSW,2015
Browns,Seahawks,44f Mostly Cloudy,15,8m SSW,2015
Packers,Raiders,51f Overcast,15,10m S,2015
Broncos,Steelers,36f Clear,15,3m SE,2015
Dolphins,Chargers,60f Partly Cloudy,15,6m W,2015
Bengals,49ers,52f Mostly Cloudy,15,5m S,2015
Cardinals,Eagles,34f Clear,15,3m S,2015
Chargers,Raiders,46f Clear,16,8m WNW,2015
Redskins,Eagles,50f Overcast,16,5m ENE,2015
Patriots,Jets,56f Overcast,16,7m SW,2015
Texans,Titans,72f Mostly Cloudy,16,10m SSW,2015
Browns,Chiefs,34f Overcast,16,12m NNE,2015
Colts,Dolphins,81f Partly Cloudy,16,13m ESE,2015
49ers,Lions,DOME,16,13m NNW,2015
Cowboys,Bills,37f Mostly Cloudy,16,5m NW,2015
Bears,Buccaneers,83f Clear,16,11m SE,2015
Panthers,Falcons,DOME,16,5m S,2015
Steelers,Ravens,63f Overcast,16,6m SW,2015
Jaguars,Saints,DOME,16,11m SE,2015
Rams,Seahawks,37f Rain,16,2m SSE,2015
Packers,Cardinals,DOME,16,2m WSW,2015
Giants,Vikings,12f Clear,16,5m N,2015
Jets,Bills,30f Partly Cloudy,17,10m WSW,2015
Patriots,Dolphins,78f Mostly Cloudy,17,4m NE,2015
Saints,Falcons,DOME,17,8m WNW,2015
Ravens,Bengals,33f Mostly Cloudy,17,5m NW,2015
Steelers,Browns,34f Mostly Cloudy,17,12m WNW,2015
Jaguars,Texans,56f Partly Cloudy,17,4m NNW,2015
Titans,Colts,DOME,17,6m NW,2015
Redskins,Cowboys,54f Clear,17,4m NNW,2015
Eagles,Giants,44f Clear,17,10m W,2015
Lions,Bears,30f Mostly Cloudy,17,10m NW,2015
Buccaneers,Panthers,48f Clear,17,5m SSW,2015
Raiders,Chiefs,32f Clear,17,7m N,2015
Chargers,Broncos,44f Clear,17,0m NE,2015
Seahawks,Cardinals,DOME,17,6m ESE,2015
Rams,49ers,57f Partly Cloudy,17,0m NW,2015
Panthers,Broncos,82f Clear,1,2m SSE,2016
Buccaneers,Falcons,DOME,1,2m NNW,2016
Vikings,Titans,77f Clear,1,3m NE,2016
Browns,Eagles,83f Clear,1,9m NW,2016
Bengals,Jets,80f Partly Cloudy,1,9m NW,2016
Raiders,Saints,DOME,1,3m E,2016
Chargers,Chiefs,73f Clear,1,7m S,2016
Bills,Ravens,82f Partly Cloudy,1,7m NW,2016
Bears,Texans,87f Clear,1,2m NNE,2016
Packers,Jaguars,91f Partly Cloudy,1,1m ESE,2016
Dolphins,Seahawks,64f Partly Cloudy,1,2m W,2016
Giants,Cowboys,87f Clear,1,2m N,2016
Lions,Colts,DOME,1,0m E,2016
Patriots,Cardinals,DOME,1,6m WSW,2016
Steelers,Redskins,76f Clear,1,3m E,2016
Jets,Bills,54f Clear,2,2m NE,2016
49ers,Panthers,85f Partly Cloudy,2,3m SE,2016
Cowboys,Redskins,84f Clear,2,5m S,2016
Bengals,Steelers,71f Humid and Mostly Cloudy,2,3m SSE,2016
Saints,Giants,79f Partly Cloudy,2,5m SSW,2016
Dolphins,Patriots,78f Partly Cloudy,2,6m SSW,2016
Chiefs,Texans,89f Partly Cloudy,2,2m WSW,2016
Titans,Lions,DOME,2,3m SSW,2016
Ravens,Browns,75f Partly Cloudy,2,5m NW,2016
Seahawks,Rams,85f Clear,2,4m WSW,2016
Buccaneers,Cardinals,DOME,2,1m SE,2016
Jaguars,Chargers,78f Clear,2,5m WSW,2016
Falcons,Raiders,83f Clear,2,3m WNW,2016
Colts,Broncos,86f Clear,2,1m N,2016
Packers,Vikings,DOME,2,4m S,2016
Texans,Patriots,68f Clear,3,3m S,2016
Cardinals,Bills,62f Clear,3,1m NE,2016
Raiders,Titans,89f Clear,3,3m NW,2016
Redskins,Giants,67f Clear,3,4m NNW,2016
Browns,Dolphins,85f Partly Cloudy,3,7m E,2016
Ravens,Jaguars,87f Partly Cloudy,3,4m NE,2016
Lions,Packers,72f Mostly Cloudy,3,10m SSE,2016
Broncos,Bengals,82f Clear,3,0m S,2016
Vikings,Panthers,84f Mostly Cloudy,3,2m NE,2016
Rams,Buccaneers,89f Partly Cloudy,3,3m W,2016
49ers,Seahawks,69f Partly Cloudy,3,2m NW,2016
Jets,Chiefs,65f Mostly Cloudy,3,6m NW,2016
Chargers,Colts,DOME,3,4m S,2016
Steelers,Eagles,71f Clear,3,1m NW,2016
Bears,Cowboys,75f Humid and Mostly Cloudy,3,4m N,2016
Dolphins,Bengals,59f Mostly Cloudy,4,0m NNW,2016
Colts,Jaguars,58f Partly Cloudy,4,6m NNW,2016
Titans,Texans,82f Clear,4,4m NE,2016
Browns,Redskins,70f Mostly Cloudy,4,1m N,2016
Seahawks,Jets,61f Overcast,4,0m NNE,2016
Bills,Patriots,56f Overcast,4,2m N,2016
Panthers,Falcons,DOME,4,0m NW,2016
Raiders,Ravens,67f Mostly Cloudy,4,0m ESE,2016
Lions,Bears,64f Mostly Cloudy,4,2m W,2016
Broncos,Buccaneers,89f Drizzle,4,4m N,2016
Rams,Cardinals,DOME,4,4m E,2016
Saints,Chargers,73f Clear,4,6m WSW,2016
Cowboys,49ers,68f Partly Cloudy,4,8m WNW,2016
Chiefs,Steelers,60f Rain,4,0m SSW,2016
Cardinals,49ers,72f Clear,5,7m NW,2016
Patriots,Browns,57f Partly Cloudy,5,9m NW,2016
Eagles,Lions,DOME,5,6m NNW,2016
Bears,Colts,DOME,5,0m ESE,2016
Titans,Dolphins,87f Clear,5,12m NE,2016
Redskins,Ravens,61f Partly Cloudy,5,12m NNW,2016
Texans,Vikings,DOME,5,4m SSE,2016
Jets,Steelers,57f Partly Cloudy,5,6m NW,2016
Falcons,Broncos,73f Mostly Cloudy,5,1m ENE,2016
Bengals,Cowboys,74f Clear,5,3m NE,2016
Bills,Rams,87f Clear,5,5m WSW,2016
Chargers,Raiders,78f Clear,5,4m WNW,2016
Giants,Packers,48f Clear,5,2m E,2016
Broncos,Chargers,69f Clear,6,6m WNW,2016
49ers,Bills,72f Mostly Cloudy,6,9m SW,2016
Eagles,Redskins,69f Clear,6,5m SSW,2016
Browns,Titans,79f Partly Cloudy,6,7m S,2016
Ravens,Giants,66f Mostly Cloudy,6,6m SSW,2016
Panthers,Saints,DOME,6,4m ENE,2016
Jaguars,Bears,67f Overcast,6,3m SSW,2016
Rams,Lions,DOME,6,11m SW,2016
Steelers,Dolphins,82f Partly Cloudy,6,11m ENE,2016
Bengals,Patriots,66f Clear,6,7m SSW,2016
Chiefs,Raiders,61f Light Rain,6,5m WSW,2016
Falcons,Seahawks,54f Mostly Cloudy,6,5m S,2016
Cowboys,Packers,67f Clear,6,4m NE,2016
Colts,Texans,80f Clear,6,6m SE,2016
Bears,Packers,47f Mostly Cloudy,7,3m NNW,2016
Giants,Rams,54f Partly Cloudy,7,10m ENE,2016
Saints,Chiefs,69f Clear,7,6m WSW,2016
Colts,Titans,71f Clear,7,5m SW,2016
Vikings,Eagles,61f Mostly Cloudy,7,10m W,2016
Browns,Bengals,66f Clear,7,6m SSW,2016
Redskins,Lions,DOME,7,5m SSW,2016
Raiders,Jaguars,72f Clear,7,5m NNE,2016
Bills,Dolphins,80f Partly Cloudy,7,10m NE,2016
Ravens,Jets,58f Partly Cloudy,7,11m W,2016
Buccaneers,49ers,69f Clear,7,2m W,2016
Chargers,Falcons,DOME,7,2m WNW,2016
Patriots,Steelers,63f Clear,7,6m SW,2016
Seahawks,Cardinals,DOME,7,1m WNW,2016
Jaguars,Titans,66f Clear,8,4m NNW,2016
Redskins,Bengals,52f Mostly Cloudy,8,3m ESE,2016
Chiefs,Colts,DOME,8,5m NW,2016
Raiders,Buccaneers,84f Clear,8,10m ENE,2016
Seahawks,Saints,DOME,8,4m ENE,2016
Lions,Texans,80f Clear,8,3m ENE,2016
Jets,Browns,54f Mostly Cloudy,8,9m N,2016
Patriots,Bills,50f Drizzle,8,2m NW,2016
Chargers,Broncos,75f Mostly Cloudy,8,3m ESE,2016
Packers,Falcons,DOME,8,3m WNW,2016
Cardinals,Panthers,80f Clear,8,4m WSW,2016
Eagles,Cowboys,78f Clear,8,3m SSE,2016
Falcons,Buccaneers,75f Partly Cloudy,9,2m NNE,2016
Lions,Vikings,DOME,9,5m S,2016
Eagles,Giants,57f Clear,9,8m NNW,2016
Jets,Dolphins,79f Clear,9,11m ENE,2016
Jaguars,Chiefs,60f Clear,9,6m SSE,2016
Cowboys,Browns,56f Clear,9,2m NW,2016
Steelers,Ravens,63f Mostly Cloudy,9,10m NNW,2016
Saints,49ers,68f Partly Cloudy,9,1m NW,2016
Panthers,Rams,72f Clear,9,3m SSW,2016
Colts,Packers,67f Clear,9,5m SSW,2016
Titans,Chargers,74f Clear,9,3m W,2016
Broncos,Raiders,67f Partly Cloudy,9,3m WNW,2016
Browns,Ravens,52f Clear,10,1m SW,2016
Texans,Jaguars,71f Partly Cloudy,10,6m N,2016
Broncos,Saints,DOME,10,4m N,2016
Rams,Jets,55f Clear,10,4m W,2016
Falcons,Eagles,54f Clear,10,6m W,2016
Chiefs,Panthers,48f Partly Cloudy,10,4m N,2016
Bears,Buccaneers,77f Clear,10,2m SE,2016
Vikings,Redskins,55f Clear,10,4m WSW,2016
Packers,Titans,55f Clear,10,0m NNW,2016
Dolphins,Chargers,84f Clear,10,3m WNW,2016
49ers,Cardinals,DOME,10,1m SSE,2016
Cowboys,Steelers,54f Clear,10,2m SW,2016
Seahawks,Patriots,45f Clear,10,2m SW,2016
Saints,Panthers,57f Clear,11,2m S,2016
Steelers,Browns,35f Overcast,11,16m WNW,2016
Ravens,Cowboys,53f Clear,11,7m S,2016
Jaguars,Lions,DOME,11,16m NW,2016
Titans,Colts,DOME,11,7m WNW,2016
Bills,Bengals,37f Overcast,11,7m WNW,2016
Buccaneers,Chiefs,43f Partly Cloudy,11,8m SE,2016
Bears,Giants,40f Mostly Cloudy,11,12m W,2016
Cardinals,Vikings,DOME,11,2m ESE,2016
Dolphins,Rams,63f Partly Cloudy,11,4m SW,2016
Patriots,49ers,61f Light Rain,11,1m SSW,2016
Eagles,Seahawks,51f Overcast,11,4m S,2016
Packers,Redskins,38f Partly Cloudy,11,15m W,2016
Vikings,Lions,DOME,12,7m WSW,2016
Redskins,Cowboys,69f Clear,12,5m S,2016
Steelers,Colts,DOME,12,4m W,2016
Titans,Bears,38f Foggy,12,5m S,2016
Jaguars,Bills,38f Mostly Cloudy,12,6m W,2016
Bengals,Ravens,49f Clear,12,8m NW,2016
Cardinals,Falcons,DOME,12,0m NE,2016
Giants,Browns,46f Clear,12,10m SSW,2016
Rams,Saints,DOME,12,2m E,2016
49ers,Dolphins,79f Clear,12,10m NNE,2016
Chargers,Texans,67f Clear,12,9m SE,2016
Seahawks,Buccaneers,78f Partly Cloudy,12,7m E,2016
Panthers,Raiders,56f Clear,12,6m NW,2016
Patriots,Jets,48f Partly Cloudy,12,8m WNW,2016
Chiefs,Broncos,44f Mostly Cloudy,12,6m WNW,2016
Cowboys,Vikings,DOME,13,5m NW,2016
Chiefs,Falcons,DOME,13,5m ENE,2016
Lions,Saints,DOME,13,1m WNW,2016
Rams,Patriots,37f Partly Cloudy,13,7m NNW,2016
Broncos,Jaguars,75f Partly Cloudy,13,3m ESE,2016
Texans,Packers,31f Snow,13,4m SSE,2016
Eagles,Bengals,41f Mostly Cloudy,13,3m ESE,2016
Dolphins,Ravens,45f Clear,13,3m NNW,2016
49ers,Bears,35f Light Rain,13,5m ESE,2016
Bills,Raiders,55f Clear,13,2m WNW,2016
Giants,Steelers,40f Partly Cloudy,13,2m E,2016
Redskins,Cardinals,DOME,13,1m SSW,2016
Buccaneers,Chargers,71f Clear,13,3m WNW,2016
Panthers,Seahawks,41f Mostly Cloudy,13,1m S,2016
Raiders,Chiefs,23f Clear,14,4m NW,2016
Steelers,Bills,24f Snow,14,6m S,2016
Broncos,Titans,48f Partly Cloudy,14,11m S,2016
Saints,Buccaneers,75f Partly Cloudy,14,9m E,2016
Redskins,Eagles,33f Mostly Cloudy,14,2m S,2016
Cardinals,Dolphins,75f Partly Cloudy,14,15m E,2016
Chargers,Panthers,42f Mostly Cloudy,14,2m SSE,2016
Bengals,Browns,28f Light Snow,14,13m SSE,2016
Bears,Lions,DOME,14,12m S,2016
Texans,Colts,DOME,14,8m S,2016
Vikings,Jaguars,66f Clear,14,1m ENE,2016
Jets,49ers,53f Partly Cloudy,14,3m NNW,2016
Falcons,Rams,64f Mostly Cloudy,14,2m SW,2016
Seahawks,Packers,27f Mostly Cloudy,14,2m SW,2016
Cowboys,Giants,30f Mostly Cloudy,14,2m SSW,2016
Rams,Seahawks,35f Mostly Cloudy,15,3m NNE,2016
Dolphins,Jets,34f Mostly Cloudy,15,3m SW,2016
Packers,Bears,9f Partly Cloudy,15,7m WNW,2016
Jaguars,Texans,37f Mostly Cloudy,15,11m N,2016
Browns,Bills,25f Mostly Cloudy,15,12m WNW,2016
Eagles,Ravens,58f Light Rain,15,6m WNW,2016
Titans,Chiefs,2f Clear,15,2m NW,2016
Lions,Giants,48f Mostly Cloudy,15,4m SW,2016
Colts,Vikings,DOME,15,3m SSW,2016
Steelers,Bengals,26f Mostly Cloudy,15,7m WNW,2016
Saints,Cardinals,DOME,15,2m N,2016
49ers,Falcons,DOME,15,6m NW,2016
Patriots,Broncos,27f Clear,15,3m N,2016
Raiders,Chargers,60f Clear,15,2m NNW,2016
Buccaneers,Cowboys,26f Clear,15,7m N,2016
Giants,Eagles,41f Mostly Cloudy,16,8m NW,2016
Dolphins,Bills,35f Overcast,16,7m W,2016
Buccaneers,Saints,DOME,16,4m SE,2016
Jets,Patriots,40f Light Rain,16,4m SW,2016
Titans,Jaguars,65f Mostly Cloudy,16,2m NNW,2016
Vikings,Packers,35f Mostly Cloudy,16,4m W,2016
Chargers,Browns,37f Mostly Cloudy,16,10m W,2016
Redskins,Bears,35f Mostly Cloudy,16,1m WNW,2016
Falcons,Panthers,52f Partly Cloudy,16,4m SSW,2016
Colts,Raiders,48f Clear,16,5m NW,2016
Cardinals,Seahawks,39f Mostly Cloudy,16,2m NNW,2016
49ers,Rams,55f Clear,16,7m WNW,2016
Bengals,Texans,72f Partly Cloudy,16,8m SE,2016
Ravens,Steelers,39f Partly Cloudy,16,4m NNE,2016
Broncos,Chiefs,60f Heavy Rain,16,11m S,2016
Browns,Steelers,38f Clear,17,1m SW,2016
Ravens,Bengals,38f Foggy,17,1m E,2016
Texans,Titans,49f Mostly Cloudy,17,2m NE,2016
Panthers,Buccaneers,76f Clear,17,7m SSE,2016
Jaguars,Colts,DOME,17,3m SSE,2016
Patriots,Dolphins,80f Mostly Cloudy,17,10m ESE,2016
Bears,Vikings,DOME,17,2m WNW,2016
Bills,Jets,45f Clear,17,8m NW,2016
Cowboys,Eagles,48f Partly Cloudy,17,6m NW,2016
Cardinals,Rams,56f Clear,17,1m SSW,2016
Raiders,Broncos,48f Partly Cloudy,17,3m NE,2016
Chiefs,Chargers,56f Partly Cloudy,17,4m SW,2016
Seahawks,49ers,52f Partly Cloudy,17,6m WNW,2016
Saints,Falcons,DOME,17,2m ENE,2016
Giants,Redskins,52f Clear,17,1m WNW,2016
Chiefs,Patriots,62f Clear,1,1m WSW,2017
Jets,Bills,61f Partly Cloudy,1,6m NNE,2017
Eagles,Redskins,69f Clear,1,3m NNE,2017
Raiders,Titans,73f Clear,1,4m NE,2017
Jaguars,Texans,80f Clear,1,4m NE,2017
Cardinals,Lions,DOME,1,4m E,2017
Falcons,Bears,66f Clear,1,5m ESE,2017
Ravens,Bengals,69f Clear,1,3m ENE,2017
Steelers,Browns,65f Clear,1,5m ENE,2017
Colts,Rams,85f Clear,1,4m SW,2017
Seahawks,Packers,70f Clear,1,6m SSE,2017
Panthers,49ers,86f Clear,1,2m NW,2017
Giants,Cowboys,78f Clear,1,3m ENE,2017
Saints,Vikings,DOME,1,1m W,2017
Texans,Bengals,67f Mostly Cloudy,2,0m SE,2017
Browns,Ravens,78f Mostly Cloudy,2,1m ENE,2017
Bears,Buccaneers,88f Clear,2,4m NNE,2017
Vikings,Steelers,78f Clear,2,0m S,2017
Patriots,Saints,DOME,2,3m NE,2017
Eagles,Chiefs,65f Overcast,2,3m NNE,2017
Titans,Jaguars,86f Clear,2,7m NNE,2017
Cardinals,Colts,DOME,2,3m SSW,2017
Bills,Panthers,81f Partly Cloudy,2,3m NE,2017
Jets,Raiders,70f Clear,2,3m WSW,2017
Dolphins,Chargers,71f Partly Cloudy,2,3m WSW,2017
49ers,Seahawks,63f Drizzle,2,5m SSW,2017
Redskins,Rams,71f Mostly Cloudy,2,4m SW,2017
Cowboys,Broncos,69f Partly Cloudy,2,1m NW,2017
Packers,Falcons,DOME,2,1m NNW,2017
Rams,49ers,65f Clear,3,5m W,2017
Ravens,Jaguars,70f Partly Cloudy,3,7m SSE,2017
Browns,Colts,DOME,3,2m ESE,2017
Giants,Eagles,87f Clear,3,2m NE,2017
Dolphins,Jets,87f Clear,3,1m NE,2017
Broncos,Bills,84f Clear,3,4m NNE,2017
Saints,Panthers,81f Clear,3,4m NE,2017
Steelers,Bears,87f Clear,3,3m SSE,2017
Falcons,Lions,DOME,3,4m SE,2017
Buccaneers,Vikings,DOME,3,7m S,2017
Texans,Patriots,84f Clear,3,0m NE,2017
Seahawks,Titans,88f Clear,3,2m S,2017
Bengals,Packers,88f Clear,3,7m S,2017
Chiefs,Chargers,81f Clear,3,4m SW,2017
Raiders,Redskins,73f Clear,3,0m SE,2017
Bears,Packers,64f Partly Cloudy,4,4m SW,2017
Saints,Dolphins,62f Mostly Cloudy,4,9m SSW,2017
Titans,Texans,84f Clear,4,0m E,2017
Jaguars,Jets,64f Clear,4,1m N,2017
Panthers,Patriots,61f Clear,4,1m NNW,2017
Lions,Vikings,DOME,4,7m SSE,2017
Bills,Falcons,DOME,4,7m ENE,2017
Steelers,Ravens,64f Clear,4,1m NNE,2017
Bengals,Browns,64f Clear,4,2m SE,2017
Rams,Cowboys,80f Clear,4,3m SSE,2017
Eagles,Chargers,74f Partly Cloudy,4,4m SSW,2017
Giants,Buccaneers,89f Rain,4,4m E,2017
49ers,Cardinals,DOME,4,2m SSE,2017
Raiders,Broncos,70f Possible Drizzle,4,2m NNW,2017
Colts,Seahawks,57f Mostly Cloudy,4,3m NNW,2017
Patriots,Buccaneers,77f Partly Cloudy,5,4m ENE,2017
Jets,Browns,68f Mostly Cloudy,5,5m W,2017
Panthers,Lions,DOME,5,4m SSW,2017
49ers,Colts,DOME,5,6m ESE,2017
Titans,Dolphins,89f Clear,5,6m SE,2017
Bills,Bengals,63f Rain,5,2m ESE,2017
Chargers,Giants,74f Humid and Mostly Cloudy,5,4m SW,2017
Jaguars,Steelers,71f Mostly Cloudy,5,4m WSW,2017
Cardinals,Eagles,77f Light Rain,5,3m SW,2017
Seahawks,Rams,75f Clear,5,4m S,2017
Ravens,Raiders,75f Clear,5,3m NNW,2017
Packers,Cowboys,88f Clear,5,2m SSW,2017
Chiefs,Texans,83f Clear,5,2m S,2017
Eagles,Panthers,73f Mostly Cloudy,6,5m ENE,2017
Bears,Ravens,68f Mostly Cloudy,6,4m SSW,2017
Browns,Texans,85f Clear,6,2m N,2017
Packers,Vikings,DOME,6,4m WNW,2017
Lions,Saints,DOME,6,2m SE,2017
Dolphins,Falcons,DOME,6,3m SW,2017
Patriots,Jets,71f Mostly Cloudy,6,5m SW,2017
49ers,Redskins,69f Mostly Cloudy,6,3m SSW,2017
Buccaneers,Cardinals,DOME,6,1m NE,2017
Rams,Jaguars,84f Partly Cloudy,6,7m ENE,2017
Steelers,Chiefs,60f Clear,6,6m NW,2017
Chargers,Raiders,75f Dry,6,1m NE,2017
Giants,Broncos,53f Clear,6,0m N,2017
Chiefs,Raiders,61f Partly Cloudy,7,4m SW,2017
Buccaneers,Bills,73f Clear,7,3m SSW,2017
Bengals,Steelers,73f Clear,7,1m SSW,2017
Ravens,Vikings,DOME,7,3m WSW,2017
Jets,Dolphins,85f Humid and Partly Cloudy,7,9m ESE,2017
Cardinals,Rams,52f Clear,7,4m WNW,2017
Panthers,Bears,67f Overcast,7,4m SSE,2017
Titans,Browns,74f Clear,7,4m SSW,2017
Saints,Packers,51f Mostly Cloudy,7,5m WNW,2017
Jaguars,Colts,DOME,7,5m S,2017
Cowboys,49ers,69f Clear,7,2m NW,2017
Seahawks,Giants,72f Clear,7,2m SSE,2017
Broncos,Chargers,89f Clear,7,2m W,2017
Falcons,Patriots,56f Partly Cloudy,7,0m E,2017
Dolphins,Ravens,48f Clear,8,0m W,2017
Vikings,Browns,54f Clear,8,5m NNE,2017
Falcons,Jets,62f Rain,8,2m ENE,2017
Panthers,Buccaneers,63f Partly Cloudy,8,9m NW,2017
49ers,Eagles,63f Possible Drizzle,8,2m E,2017
Bears,Saints,DOME,8,5m N,2017
Chargers,Patriots,61f Light Rain,8,1m SE,2017
Raiders,Bills,39f Light Rain,8,2m NNE,2017
Colts,Bengals,39f Mostly Cloudy,8,1m WNW,2017
Texans,Seahawks,50f Overcast,8,0m NE,2017
Cowboys,Redskins,60f Possible Light Rain,8,0m NNE,2017
Steelers,Lions,DOME,8,2m NW,2017
Bills,Jets,64f Clear,9,2m S,2017
Colts,Texans,82f Humid and Partly Cloudy,9,4m SW,2017
Bengals,Jaguars,77f Mostly Cloudy,9,4m NE,2017
Buccaneers,Saints,DOME,9,3m SSW,2017
Rams,Giants,56f Overcast,9,1m ENE,2017
Falcons,Panthers,58f Overcast,9,0m SSE,2017
Broncos,Eagles,62f Overcast,9,1m SE,2017
Ravens,Titans,75f Mostly Cloudy,9,8m SSW,2017
Cardinals,49ers,57f Clear,9,1m NW,2017
Redskins,Seahawks,35f Light Rain,9,4m NNW,2017
Chiefs,Cowboys,90f Clear,9,4m SW,2017
Raiders,Dolphins,76f Clear,9,0m NE,2017
Seahawks,Cardinals,DOME,10,1m WSW,2017
Packers,Bears,39f Light Rain,10,0m NNW,2017
Browns,Lions,DOME,10,1m SSW,2017
Steelers,Colts,DOME,10,0m NE,2017
Chargers,Jaguars,75f Drizzle,10,5m NE,2017
Saints,Bills,37f Mostly Cloudy,10,0m SSW,2017
Jets,Buccaneers,76f Mostly Cloudy,10,6m ENE,2017
Vikings,Redskins,43f Clear,10,1m SSW,2017
Bengals,Titans,52f Mostly Cloudy,10,2m S,2017
Texans,Rams,66f Clear,10,0m SW,2017
Cowboys,Falcons,DOME,10,1m NE,2017
Giants,49ers,63f Clear,10,0m N,2017
Patriots,Broncos,48f Clear,10,0m WNW,2017
Titans,Steelers,37f Mostly Cloudy,11,2m W,2017
Buccaneers,Dolphins,80f Clear,11,4m W,2017
Jaguars,Browns,38f Light Rain,11,8m WNW,2017
Ravens,Packers,26f Partly Cloudy,11,6m WNW,2017
Cardinals,Texans,59f Clear,11,5m NNE,2017
Rams,Vikings,DOME,11,3m SW,2017
Lions,Bears,31f Partly Cloudy,11,6m WNW,2017
Redskins,Saints,DOME,11,8m N,2017
Chiefs,Giants,49f Mostly Cloudy,11,8m WNW,2017
Bills,Chargers,72f Clear,11,1m WSW,2017
Bengals,Broncos,59f Clear,11,0m WSW,2017
Patriots,Raiders,64f Mostly Cloudy,11,3m NNW,2017
Eagles,Cowboys,52f Clear,11,0m ESE,2017
Vikings,Lions,DOME,12,7m SW,2017
Chargers,Cowboys,67f Clear,12,1m S,2017
Giants,Redskins,32f Clear,12,0m SSE,2017
Bills,Chiefs,58f Clear,12,3m SSW,2017
Titans,Colts,DOME,12,3m W,2017
Browns,Bengals,46f Clear,12,2m WSW,2017
Buccaneers,Falcons,DOME,12,4m NNW,2017
Dolphins,Patriots,46f Partly Cloudy,12,4m WNW,2017
Bears,Eagles,48f Clear,12,5m NW,2017
Panthers,Jets,46f Clear,12,6m WNW,2017
Seahawks,49ers,63f Partly Cloudy,12,4m SSE,2017
Saints,Rams,67f Clear,12,2m SW,2017
Jaguars,Cardinals,DOME,12,0m SSW,2017
Broncos,Raiders,61f Partly Cloudy,12,6m S,2017
Packers,Steelers,36f Clear,12,1m SW,2017
Redskins,Cowboys,58f Clear,13,0m NNE,2017
Vikings,Falcons,DOME,13,1m NNE,2017
Texans,Titans,59f Clear,13,2m ESE,2017
Chiefs,Jets,46f Mostly Cloudy,13,0m E,2017
Broncos,Dolphins,80f Clear,13,5m ENE,2017
Lions,Ravens,51f Clear,13,1m WSW,2017
Patriots,Bills,46f Clear,13,2m SW,2017
49ers,Bears,50f Clear,13,2m SSW,2017
Buccaneers,Packers,41f Clear,13,1m S,2017
Colts,Jaguars,67f Mostly Cloudy,13,2m NNE,2017
Browns,Chargers,66f Clear,13,2m SSW,2017
Panthers,Saints,DOME,13,3m NE,2017
Giants,Raiders,55f Clear,13,3m NW,2017
Rams,Cardinals,DOME,13,3m SSE,2017
Eagles,Seahawks,42f Mostly Cloudy,13,0m N,2017
Saints,Falcons,DOME,14,1m WNW,2017
Colts,Bills,26f Flurries,14,4m W,2017
Lions,Buccaneers,53f Clear,14,4m N,2017
Raiders,Chiefs,47f Clear,14,5m NW,2017
Seahawks,Jaguars,46f Clear,14,2m NW,2017
49ers,Texans,57f Clear,14,0m SE,2017
Packers,Browns,28f Mostly Cloudy,14,9m WSW,2017
Bears,Bengals,30f Mostly Cloudy,14,4m SSW,2017
Vikings,Panthers,39f Clear,14,2m W,2017
Redskins,Chargers,79f Clear,14,2m NNE,2017
Jets,Broncos,58f Clear,14,0m SSW,2017
Titans,Cardinals,DOME,14,4m ENE,2017
Cowboys,Giants,37f Drizzle,14,5m WSW,2017
Eagles,Rams,79f Clear,14,1m NNE,2017
Ravens,Steelers,30f Mostly Cloudy,14,3m SW,2017
Broncos,Colts,DOME,15,0m SSE,2017
Bears,Lions,DOME,15,5m NE,2017
Chargers,Chiefs,50f Clear,15,2m S,2017
Texans,Jaguars,68f Clear,15,2m ESE,2017
Ravens,Browns,34f Clear,15,1m ESE,2017
Packers,Panthers,48f Partly Cloudy,15,1m WSW,2017
Dolphins,Bills,25f Overcast,15,0m NE,2017
Bengals,Vikings,DOME,15,0m ESE,2017
Cardinals,Redskins,47f Clear,15,0m SSW,2017
Eagles,Giants,34f Overcast,15,0m N,2017
Jets,Saints,DOME,15,1m WSW,2017
Rams,Seahawks,46f Mostly Cloudy,15,5m S,2017
Titans,49ers,60f Clear,15,2m N,2017
Patriots,Steelers,40f Rain,15,0m S,2017
Cowboys,Raiders,59f Clear,15,0m N,2017
Colts,Ravens,61f Drizzle,16,5m SSW,2017
Vikings,Packers,9f Clear,16,1m SW,2017
Lions,Bengals,35f Mostly Cloudy,16,2m SSE,2017
Dolphins,Chiefs,22f Mostly Cloudy,16,5m NW,2017
Bills,Patriots,34f Clear,16,1m N,2017
Browns,Bears,21f Light Snow,16,0m NW,2017
Buccaneers,Panthers,53f Mostly Cloudy,16,1m ENE,2017
Falcons,Saints,DOME,16,1m WNW,2017
Broncos,Redskins,41f Partly Cloudy,16,2m NE,2017
Rams,Titans,41f Mostly Cloudy,16,2m WSW,2017
Chargers,Jets,38f Clear,16,3m NE,2017
Jaguars,49ers,52f Partly Cloudy,16,0m SSE,2017
Seahawks,Cowboys,43f Partly Cloudy,16,6m N,2017
Giants,Cardinals,DOME,16,0m S,2017
Steelers,Texans,51f Mostly Cloudy,16,4m ESE,2017
Browns,Steelers,9f Mostly Cloudy,17,0m WSW,2017
Packers,Lions,DOME,17,5m NNW,2017
Texans,Colts,DOME,17,3m NNW,2017
Bears,Vikings,DOME,17,4m NW,2017
Jets,Patriots,11f Clear,17,5m NW,2017
Redskins,Giants,15f Clear,17,6m NW,2017
Cowboys,Eagles,15f Partly Cloudy,17,4m NNW,2017
Panthers,Falcons,DOME,17,3m NW,2017
Bengals,Ravens,18f Mostly Cloudy,17,5m NNW,2017
Jaguars,Titans,22f Mostly Cloudy,17,7m NNW,2017
Saints,Buccaneers,69f Clear,17,1m SSE,2017
Bills,Dolphins,71f Clear,17,4m NE,2017
Raiders,Chargers,62f Clear,17,0m SSW,2017
Chiefs,Broncos,16f Mostly Cloudy,17,3m NNE,2017
49ers,Rams,63f Clear,17,0m SSW,2017
Falcons,Eagles,81f Rain,1,2m NW,2018
Bills,Ravens,62f Light Rain,1,11m ENE,2018
Jaguars,Giants,58f Light Rain,1,4m NE,2018
Buccaneers,Saints,DOME,1,1m WSW,2018
Texans,Patriots,62f Mostly Cloudy,1,6m ENE,2018
49ers,Vikings,DOME,1,9m SSE,2018
Titans,Dolphins,88f Rain,1,4m SW,2018
Bengals,Colts,DOME,1,9m NE,2018
Steelers,Browns,59f Light Rain,1,4m ENE,2018
Chiefs,Chargers,85f Clear,1,5m SSW,2018
Seahawks,Broncos,85f Clear,1,3m NE,2018
Cowboys,Panthers,83f Drizzle,1,6m NE,2018
Redskins,Cardinals,DOME,1,3m WSW,2018
Bears,Packers,60f Clear,1,4m NE,2018
Jets,Lions,DOME,1,7m N,2018
Ravens,Bengals,75f Clear,2,0m NNW,2018
Panthers,Falcons,DOME,2,5m NW,2018
Colts,Redskins,73f Mostly Cloudy,2,5m ENE,2018
Texans,Titans,81f Partly Cloudy,2,7m NNE,2018
Eagles,Buccaneers,89f Humid and Partly Cloudy,2,8m SW,2018
Chiefs,Steelers,79f Mostly Cloudy,2,7m ESE,2018
Dolphins,Jets,82f Clear,2,3m SE,2018
Chargers,Bills,79f Clear,2,7m S,2018
Vikings,Packers,78f Partly Cloudy,2,5m SSE,2018
Browns,Saints,DOME,2,1m NW,2018
Lions,49ers,72f Clear,2,5m NW,2018
Cardinals,Rams,85f Clear,2,4m SSW,2018
Patriots,Jaguars,93f Drizzle,2,7m SW,2018
Raiders,Broncos,90f Clear,2,3m ESE,2018
Giants,Cowboys,87f Partly Cloudy,2,2m E,2018
Jets,Browns,78f Humid,3,3m SSE,2018
Saints,Falcons,DOME,3,3m SE,2018
Packers,Redskins,63f Light Rain,3,4m ENE,2018
Colts,Eagles,61f Rain,3,3m NE,2018
Bills,Vikings,DOME,3,6m SSE,2018
Raiders,Dolphins,88f Humid and Partly Cloudy,3,6m ESE,2018
Broncos,Ravens,62f Light Rain,3,4m ENE,2018
Bengals,Panthers,81f Mostly Cloudy,3,1m ESE,2018
Giants,Texans,79f Mostly Cloudy,3,7m WSW,2018
Titans,Jaguars,87f Mostly Cloudy,3,5m ESE,2018
49ers,Chiefs,72f Clear,3,4m ESE,2018
Chargers,Rams,79f Clear,3,4m SW,2018
Cowboys,Seahawks,62f Partly Cloudy,3,1m S,2018
Bears,Cardinals,DOME,3,4m SE,2018
Patriots,Lions,DOME,3,5m ENE,2018
Vikings,Rams,83f Clear,4,3m WSW,2018
Jets,Jaguars,86f Humid and Mostly Cloudy,4,10m ENE,2018
Dolphins,Patriots,66f Clear,4,3m W,2018
Eagles,Titans,80f Clear,4,0m N,2018
Texans,Colts,DOME,4,7m SSW,2018
Bills,Packers,48f Overcast,4,4m ENE,2018
Lions,Cowboys,79f Mostly Cloudy,4,6m SE,2018
Buccaneers,Bears,64f Overcast,4,1m NW,2018
Bengals,Falcons,DOME,4,4m E,2018
Seahawks,Cardinals,DOME,4,4m SW,2018
Browns,Raiders,71f Clear,4,2m WNW,2018
Saints,Giants,69f Partly Cloudy,4,4m S,2018
49ers,Chargers,82f Partly Cloudy,4,4m SW,2018
Ravens,Steelers,66f Clear,4,0m N,2018
Colts,Patriots,66f Mostly Cloudy,5,3m SW,2018
Titans,Bills,65f Overcast,5,3m ENE,2018
Falcons,Steelers,82f Partly Cloudy,5,6m SSW,2018
Broncos,Jets,75f Overcast,5,4m WSW,2018
Jaguars,Chiefs,58f Rain,5,2m ENE,2018
Packers,Lions,DOME,5,7m NE,2018
Ravens,Browns,70f Foggy,5,2m NNE,2018
Giants,Panthers,80f Overcast,5,1m NE,2018
Dolphins,Bengals,86f Clear,5,2m SSW,2018
Raiders,Chargers,74f Clear,5,5m SSW,2018
Cardinals,49ers,76f Clear,5,9m NNW,2018
Vikings,Eagles,78f Mostly Cloudy,5,3m SW,2018
Rams,Seahawks,54f Drizzle,5,3m SSE,2018
Cowboys,Texans,81f Humid and Partly Cloudy,5,6m SE,2018
Eagles,Giants,70f Light Rain,6,1m S,2018
Buccaneers,Falcons,DOME,6,3m ESE,2018
Panthers,Redskins,54f Partly Cloudy,6,0m SE,2018
Colts,Jets,57f Mostly Cloudy,6,5m WSW,2018
Cardinals,Vikings,DOME,6,7m WNW,2018
Steelers,Bengals,51f Mostly Cloudy,6,2m ESE,2018
Chargers,Browns,55f Clear,6,1m SSE,2018
Bills,Texans,87f Partly Cloudy,6,9m SSW,2018
Bears,Dolphins,88f Humid and Partly Cloudy,6,7m ESE,2018
Seahawks,Raiders,50f Light Rain,6,12m NNE,2018
Rams,Broncos,24f Overcast,6,2m NNE,2018
Ravens,Titans,66f Overcast,6,3m S,2018
Jaguars,Cowboys,78f Mostly Cloudy,6,4m S,2018
Chiefs,Patriots,45f Clear,6,2m SW,2018
Broncos,Cardinals,DOME,7,1m WNW,2018
Titans,Chargers,64f Clear,7,7m E,2018
Browns,Buccaneers,80f Clear,7,5m SW,2018
Panthers,Eagles,47f Mostly Cloudy,7,9m WNW,2018
Vikings,Jets,46f Overcast,7,11m NNE,2018
Lions,Dolphins,88f Partly Cloudy,7,5m NNW,2018
Patriots,Bears,43f Clear,7,6m NW,2018
Bills,Colts,DOME,7,3m SE,2018
Texans,Jaguars,70f Partly Cloudy,7,13m ENE,2018
Saints,Ravens,52f Partly Cloudy,7,12m S,2018
Cowboys,Redskins,51f Partly Cloudy,7,11m S,2018
Rams,49ers,71f Partly Cloudy,7,2m ESE,2018
Bengals,Chiefs,58f Clear,7,6m E,2018
Dolphins,Texans,65f Overcast,8,6m NNW,2018
Eagles,Jaguars,48f Partly Cloudy,8,13m NE,2018
Broncos,Chiefs,60f Clear,8,8m NW,2018
Browns,Steelers,48f Overcast,8,7m SSW,2018
Redskins,Giants,50f Mostly Cloudy,8,7m W,2018
Seahawks,Lions,DOME,8,9m SSE,2018
Buccaneers,Bengals,56f Overcast,8,7m S,2018
Jets,Bears,48f Overcast,8,11m W,2018
Ravens,Panthers,61f Clear,8,6m WSW,2018
Colts,Raiders,69f Partly Cloudy,8,5m W,2018
49ers,Cardinals,DOME,8,1m SW,2018
Packers,Rams,81f Partly Cloudy,8,3m SSW,2018
Saints,Vikings,DOME,8,8m NW,2018
Raiders,49ers,80f Partly Cloudy,9,3m NNW,2018
Bears,Bills,43f Clear,9,8m ESE,2018
Buccaneers,Panthers,60f Clear,9,4m E,2018
Chiefs,Browns,53f Partly Cloudy,9,5m ESE,2018
Jets,Dolphins,84f Humid and Mostly Cloudy,9,14m SE,2018
Steelers,Ravens,52f Clear,9,3m E,2018
Lions,Vikings,DOME,9,6m NE,2018
Falcons,Redskins,53f Clear,9,4m ESE,2018
Texans,Broncos,53f Mostly Cloudy,9,2m SSW,2018
Chargers,Seahawks,57f Mostly Cloudy,9,4m S,2018
Rams,Saints,DOME,9,7m SE,2018
Packers,Patriots,42f Clear,9,2m NE,2018
Panthers,Steelers,40f Clear,10,1m NE,2018
Saints,Bengals,38f Mostly Cloudy,10,3m SSE,2018
Falcons,Browns,38f Partly Cloudy,10,2m SSW,2018
Dolphins,Packers,30f Overcast,10,8m SW,2018
Jaguars,Colts,DOME,10,10m S,2018
Lions,Bears,35f Mostly Cloudy,10,7m SSW,2018
Cardinals,Chiefs,42f Clear,10,1m NNW,2018
Patriots,Titans,46f Clear,10,2m SSE,2018
Redskins,Buccaneers,80f Clear,10,6m E,2018
Bills,Jets,44f Clear,10,7m NW,2018
Chargers,Raiders,66f Clear,10,8m NE,2018
Seahawks,Rams,73f Clear,10,1m NNE,2018
Cowboys,Eagles,37f Clear,10,1m WSW,2018
Packers,Seahawks,54f Overcast,11,3m S,2018
Bengals,Ravens,46f Mostly Cloudy,11,4m SSE,2018
Panthers,Lions,DOME,11,0m N,2018
Titans,Colts,DOME,11,7m N,2018
Cowboys,Falcons,DOME,11,1m ESE,2018
Buccaneers,Giants,41f Mostly Cloudy,11,0m ESE,2018
Texans,Redskins,47f Mostly Cloudy,11,4m SSE,2018
Steelers,Jaguars,72f Partly Cloudy,11,6m NNE,2018
Broncos,Chargers,70f Clear,11,3m SW,2018
Raiders,Cardinals,DOME,11,1m SSE,2018
Eagles,Saints,DOME,11,2m N,2018
Vikings,Bears,31f Clear,11,3m WSW,2018
Bears,Lions,DOME,12,9m E,2018
Redskins,Cowboys,63f Clear,12,6m SSE,2018
Falcons,Saints,DOME,12,2m ESE,2018
Browns,Bengals,48f Mostly Cloudy,12,0m SSE,2018
Seahawks,Panthers,52f Partly Cloudy,12,0m S,2018
Jaguars,Bills,39f Mostly Cloudy,12,7m W,2018
Raiders,Ravens,57f Clear,12,5m WSW,2018
Dolphins,Colts,DOME,12,11m ESE,2018
49ers,Buccaneers,75f Partly Cloudy,12,5m WNW,2018
Giants,Eagles,55f Clear,12,6m WNW,2018
Patriots,Jets,53f Partly Cloudy,12,8m NNW,2018
Cardinals,Chargers,72f Clear,12,1m NNW,2018
Steelers,Broncos,41f Clear,12,4m NNW,2018
Packers,Vikings,DOME,12,8m NNW,2018
Saints,Cowboys,73f Clear,13,7m SSE,2018
Ravens,Falcons,DOME,13,4m SW,2018
Panthers,Buccaneers,80f Breezy and Humid,13,15m SSW,2018
Bears,Giants,50f Foggy,13,2m NE,2018
Bills,Dolphins,85f Humid and Mostly Cloudy,13,13m SSE,2018
Broncos,Bengals,63f Clear,13,9m S,2018
Rams,Lions,DOME,13,11m S,2018
Cardinals,Packers,34f Light Rain,13,18m NNE,2018
Browns,Texans,70f Clear,13,7m N,2018
Colts,Jaguars,78f Drizzle,13,10m SSW,2018
Jets,Titans,68f Clear,13,13m SW,2018
Chiefs,Raiders,53f Clear,13,1m NNE,2018
Vikings,Patriots,51f Overcast,13,2m SW,2018
49ers,Seahawks,45f Mostly Cloudy,13,0m WSW,2018
Chargers,Steelers,58f Mostly Cloudy,13,9m S,2018
Jaguars,Titans,44f Overcast,14,4m SW,2018
Jets,Bills,25f Partly Cloudy,14,6m WSW,2018
Giants,Redskins,32f Clear,14,4m NE,2018
Saints,Buccaneers,69f Drizzle,14,6m SW,2018
Patriots,Dolphins,80f Humid and Mostly Cloudy,14,12m SW,2018
Ravens,Chiefs,26f Clear,14,0m S,2018
Colts,Texans,45f Overcast,14,10m NNW,2018
Rams,Bears,29f Clear,14,1m NNW,2018
Panthers,Browns,31f Clear,14,0m ESE,2018
Falcons,Packers,24f Mostly Cloudy,14,12m W,2018
Broncos,49ers,54f Mostly Cloudy,14,1m NW,2018
Bengals,Chargers,70f Clear,14,1m E,2018
Eagles,Cowboys,49f Clear,14,6m NNW,2018
Lions,Cardinals,DOME,14,0m SW,2018
Steelers,Raiders,51f Mostly Cloudy,14,2m NE,2018
Chargers,Chiefs,37f Overcast,15,8m NNW,2018
Browns,Broncos,54f Partly Cloudy,15,2m NW,2018
Texans,Jets,50f Mostly Cloudy,15,8m NE,2018
Packers,Bears,40f Clear,15,5m W,2018
Lions,Bills,33f Light Snow,15,2m NNE,2018
Buccaneers,Ravens,43f Light Rain,15,7m N,2018
Cardinals,Falcons,DOME,15,5m NW,2018
Raiders,Bengals,42f Overcast,15,1m WNW,2018
Titans,Giants,39f Overcast,15,10m NE,2018
Dolphins,Vikings,DOME,15,7m WNW,2018
Redskins,Jaguars,62f Clear,15,9m W,2018
Cowboys,Colts,DOME,15,5m WNW,2018
Seahawks,49ers,59f Mostly Cloudy,15,7m S,2018
Patriots,Steelers,41f Overcast,15,3m NW,2018
Eagles,Rams,65f Clear,15,3m SW,2018
Redskins,Titans,50f Clear,16,7m S,2018
Ravens,Chargers,64f Clear,16,4m WSW,2018
Giants,Colts,DOME,16,8m NW,2018
Texans,Eagles,43f Clear,16,5m W,2018
Jaguars,Dolphins,71f Clear,16,4m NNE,2018
Packers,Jets,41f Clear,16,6m WNW,2018
Bengals,Browns,37f Overcast,16,3m SW,2018
Buccaneers,Cowboys,48f Clear,16,9m N,2018
Vikings,Lions,DOME,16,9m W,2018
Bills,Patriots,37f Clear,16,8m WNW,2018
Falcons,Panthers,49f Clear,16,1m E,2018
Bears,49ers,59f Partly Cloudy,16,1m NNW,2018
Rams,Cardinals,DOME,16,1m SE,2018
Steelers,Saints,DOME,16,2m W,2018
Chiefs,Seahawks,45f Overcast,16,4m SSE,2018
Dolphins,Bills,28f Overcast,17,7m WSW,2018
Lions,Packers,25f Mostly Cloudy,17,11m SSW,2018
Jaguars,Texans,45f Overcast,17,6m NNW,2018
Jets,Patriots,31f Partly Cloudy,17,0m SSE,2018
Panthers,Saints,DOME,17,1m NNE,2018
Cowboys,Giants,35f Overcast,17,0m E,2018
Falcons,Buccaneers,77f Mostly Cloudy,17,4m S,2018
Browns,Ravens,45f Clear,17,3m SSE,2018
Eagles,Redskins,45f Clear,17,3m SSE,2018
Raiders,Chiefs,40f Clear,17,11m S,2018
Bears,Vikings,DOME,17,7m SSE,2018
Bengals,Steelers,41f Clear,17,8m SW,2018
Chargers,Broncos,51f Partly Cloudy,17,5m N,2018
49ers,Rams,62f Clear,17,3m S,2018
Cardinals,Seahawks,45f Mostly Cloudy,17,3m SSE,2018
